payment_id,account_id,amount,payment_date,method,status
1,194,32968.86,2023-09-15 16:14:53,NetBanking,Failed
2,79,25525.1,2025-05-13 07:59:04,Wallet,Success
3,150,48719.24,2024-05-26 00:13:09,Wallet,Pending
4,127,37017.09,2025-05-04 09:16:23,NetBanking,Pending
5,50,6054.02,2025-01-14 12:50:21,Wallet,Pending
6,22,20779.39,2024-06-26 06:45:42,Wallet,Failed
7,153,11287.5,2025-04-23 18:28:56,Card,Pending
8,158,41558.57,2024-12-30 12:10:07,UPI,Pending
9,111,43721.05,2023-12-28 03:45:17,NetBanking,Success
10,37,23513.58,2024-09-25 15:14:05,UPI,Pending
11,67,33515.46,2025-09-04 11:01:56,NetBanking,Failed
12,99,31527.69,2024-08-09 04:52:53,NetBanking,Failed
13,182,17862.07,2024-10-08 14:59:23,NetBanking,Failed
14,1,41754.26,2024-06-27 07:37:33,NetBanking,Failed
15,74,49881.83,2025-04-17 14:26:55,UPI,Failed
16,119,28648.68,2024-04-12 05:47:24,Card,Pending
17,71,35898.98,2024-11-08 13:15:50,Card,Failed
18,4,40169.37,2024-02-15 16:45:52,Wallet,Success
19,22,29636.97,2023-11-03 06:42:12,Wallet,Pending
20,25,25677.79,2023-10-13 13:38:20,Wallet,Success
21,200,2918.14,2025-09-01 06:20:50,NetBanking,Pending
22,83,13832.17,2024-12-30 12:51:54,NetBanking,Failed
23,174,11944.87,2024-10-16 10:27:58,Card,Success
24,53,42704.03,2025-05-23 05:54:51,Wallet,Failed
25,157,13980.03,2025-08-19 17:18:58,UPI,Pending
26,188,44639.31,2024-04-08 16:38:52,UPI,Success
27,87,12343.52,2024-10-04 18:40:47,NetBanking,Failed
28,100,42713.73,2024-01-13 01:26:32,UPI,Failed
29,22,19785.25,2024-09-12 09:03:21,Wallet,Pending
30,86,9762.49,2024-12-12 11:00:13,Card,Failed
31,194,28598.61,2023-09-15 15:37:43,Card,Failed
32,70,36957.5,2025-08-31 13:59:06,Wallet,Failed
33,45,16249.1,2024-07-19 01:54:47,Card,Failed
34,157,7612.66,2024-03-17 23:40:57,Wallet,Success
35,110,34318.47,2025-01-26 23:20:50,UPI,Failed
36,123,5225.75,2024-05-29 23:55:29,UPI,Failed
37,40,15759.32,2025-08-21 09:47:26,Card,Failed
38,39,36947.79,2025-02-09 17:29:35,Card,Failed
39,111,43288.2,2024-01-17 08:12:37,UPI,Pending
40,56,1443.41,2025-04-18 01:51:09,NetBanking,Failed
41,186,10460.52,2023-12-06 02:40:50,UPI,Pending
42,175,19150.13,2023-11-19 05:38:52,Card,Failed
43,81,34616.47,2024-03-27 14:14:11,NetBanking,Pending
44,24,45004.63,2024-12-13 23:45:49,UPI,Pending
45,194,17050.42,2025-01-26 02:57:00,UPI,Success
46,15,31991.82,2025-04-01 08:13:05,Card,Pending
47,110,29033.02,2024-01-24 19:06:45,NetBanking,Failed
48,94,27167.51,2025-03-24 06:22:06,Card,Failed
49,133,6257.54,2025-08-12 01:32:37,UPI,Failed
50,105,26190.06,2024-12-19 18:35:48,Wallet,Success
51,139,43099.11,2025-09-06 19:34:24,Card,Failed
52,100,13166.8,2024-10-11 07:33:31,UPI,Success
53,109,34586.03,2024-04-24 03:56:42,Wallet,Success
54,161,29335.2,2025-03-18 15:33:55,UPI,Success
55,72,30480.21,2023-10-23 22:38:13,Card,Failed
56,177,21799.09,2024-02-19 14:10:07,Card,Success
57,140,36046.81,2024-01-16 03:11:57,Card,Success
58,179,31627.75,2024-01-03 07:47:32,NetBanking,Failed
59,25,47032.04,2023-10-26 05:45:51,NetBanking,Pending
60,60,30502.94,2023-11-01 11:37:27,NetBanking,Pending
61,74,10041.39,2024-10-04 20:25:54,UPI,Failed
62,138,16918.12,2024-05-15 07:05:03,NetBanking,Pending
63,182,4724.41,2023-12-01 07:49:21,Card,Failed
64,89,28495.83,2025-04-19 07:18:15,Wallet,Failed
65,85,22158.41,2024-01-01 10:03:04,Card,Failed
66,10,49350.63,2024-09-07 13:06:38,UPI,Success
67,133,21102.43,2024-07-20 13:21:21,Wallet,Success
68,194,38307.45,2024-02-07 13:49:16,UPI,Success
69,119,31563.06,2025-01-22 00:30:10,Wallet,Pending
70,72,10765.14,2023-12-05 05:14:12,Card,Pending
71,16,232.94,2024-06-02 23:59:23,UPI,Success
72,101,41014.68,2024-08-24 04:41:49,NetBanking,Failed
73,28,4702.77,2024-01-23 16:17:57,Wallet,Failed
74,39,33418.0,2024-01-02 20:10:35,NetBanking,Success
75,38,4437.39,2024-02-05 05:18:30,Card,Pending
76,187,10371.21,2023-11-12 07:48:15,Wallet,Pending
77,54,40150.4,2024-12-14 20:15:10,NetBanking,Pending
78,23,1788.61,2024-02-24 18:20:18,UPI,Success
79,136,23448.47,2025-07-08 10:22:53,UPI,Failed
80,12,18982.18,2024-08-11 08:32:25,UPI,Pending
81,114,30854.8,2024-10-22 04:08:24,Card,Success
82,42,47213.68,2024-02-27 08:12:48,Card,Success
83,129,13638.99,2023-11-27 07:38:06,UPI,Failed
84,122,30003.27,2025-05-10 07:45:34,Card,Failed
85,80,6632.96,2025-03-04 03:20:08,NetBanking,Pending
86,61,23343.4,2024-02-02 05:42:55,Wallet,Pending
87,91,18097.26,2025-03-31 11:32:41,Wallet,Success
88,169,29439.8,2024-12-29 19:37:39,Card,Pending
89,190,40607.17,2024-10-10 09:52:52,NetBanking,Pending
90,73,8100.12,2025-03-22 07:32:45,NetBanking,Success
91,20,42577.17,2025-01-26 18:07:24,NetBanking,Failed
92,17,31942.59,2023-11-03 04:55:20,Card,Success
93,109,40666.45,2024-11-17 18:47:57,Wallet,Success
94,161,36069.38,2024-01-16 20:21:23,NetBanking,Failed
95,154,11674.95,2023-10-22 21:04:26,UPI,Pending
96,191,11596.75,2025-01-30 07:43:10,UPI,Success
97,8,38799.52,2024-05-12 10:46:38,NetBanking,Success
98,143,29803.25,2025-07-31 15:01:30,Wallet,Failed
99,95,12154.87,2024-05-20 03:14:49,Card,Pending
100,187,46448.1,2025-01-31 13:29:34,NetBanking,Success
101,24,2684.56,2024-05-27 18:00:10,Wallet,Pending
102,92,13295.15,2024-11-11 21:01:41,UPI,Success
103,67,2513.73,2023-11-24 13:59:14,Wallet,Failed
104,178,39874.03,2023-11-04 18:08:35,NetBanking,Pending
105,116,10911.95,2024-12-29 00:00:30,Card,Pending
106,72,4815.53,2024-01-21 23:46:55,UPI,Failed
107,34,34966.94,2023-10-22 12:20:36,Wallet,Failed
108,48,45804.48,2024-10-17 04:02:37,NetBanking,Pending
109,129,37965.56,2024-09-13 01:52:21,UPI,Success
110,170,10171.28,2024-12-02 08:21:35,Wallet,Failed
111,133,20159.48,2024-10-22 19:31:38,Wallet,Failed
112,159,46216.33,2024-06-06 14:20:04,NetBanking,Success
113,76,21391.21,2024-01-14 08:28:29,Wallet,Success
114,132,38602.91,2023-09-19 05:09:25,Wallet,Failed
115,66,3294.64,2024-11-11 19:38:00,Wallet,Pending
116,161,46708.54,2024-06-27 04:26:31,UPI,Success
117,43,5979.55,2025-07-22 15:46:49,Card,Success
118,138,40020.22,2023-12-16 13:27:29,UPI,Pending
119,122,26393.98,2024-12-03 05:07:00,Card,Pending
120,92,15597.39,2024-05-14 11:46:59,Wallet,Success
121,117,34501.96,2024-01-17 14:06:22,Card,Success
122,123,3877.96,2024-08-18 18:16:19,NetBanking,Pending
123,46,49962.16,2024-09-30 00:06:33,Card,Success
124,199,1564.93,2023-11-19 07:02:11,Card,Failed
125,168,32249.78,2024-10-04 08:19:02,NetBanking,Success
126,55,11748.26,2025-03-07 09:08:00,NetBanking,Success
127,50,35529.35,2025-03-10 12:37:42,Wallet,Success
128,27,32588.18,2023-09-18 00:18:52,UPI,Failed
129,84,10757.49,2024-12-18 00:47:40,Wallet,Success
130,118,18831.57,2024-03-28 01:29:26,Wallet,Pending
131,70,25663.47,2025-04-30 21:26:22,NetBanking,Success
132,130,28148.35,2024-03-16 16:16:36,Wallet,Failed
133,107,42938.57,2025-01-12 05:36:11,UPI,Success
134,144,42730.16,2024-09-11 14:08:45,UPI,Pending
135,149,29047.97,2024-01-08 15:44:13,NetBanking,Failed
136,11,32841.96,2023-11-03 01:34:24,UPI,Failed
137,137,35352.95,2024-10-23 12:13:35,UPI,Pending
138,33,28590.43,2024-12-09 17:26:44,UPI,Failed
139,169,1275.48,2024-07-04 16:19:28,UPI,Pending
140,121,37149.64,2024-01-07 19:56:35,Card,Pending
141,186,49314.07,2025-06-28 17:55:06,NetBanking,Pending
142,167,17342.31,2023-11-17 14:40:41,Wallet,Success
143,97,9530.1,2023-11-03 14:38:52,Wallet,Success
144,84,28005.89,2023-09-16 03:06:04,UPI,Failed
145,81,44105.72,2024-02-02 12:16:41,Wallet,Failed
146,115,34314.18,2024-01-12 22:54:51,Card,Success
147,132,40263.09,2025-02-03 08:38:12,Card,Pending
148,162,25832.78,2024-09-19 22:55:19,Card,Failed
149,29,11265.37,2024-12-13 08:48:03,Wallet,Failed
150,11,24811.4,2024-04-13 17:09:53,UPI,Pending
151,7,3191.81,2024-04-27 16:13:18,UPI,Success
152,165,749.51,2024-12-15 17:30:55,Wallet,Failed
153,111,5243.9,2024-04-25 12:32:41,Wallet,Success
154,183,32699.09,2025-02-13 12:02:16,NetBanking,Failed
155,64,40541.22,2024-06-30 22:44:07,UPI,Pending
156,142,39749.91,2024-06-20 06:23:58,Wallet,Success
157,73,16003.61,2024-04-09 17:40:29,UPI,Success
158,17,14511.71,2024-01-06 00:15:40,NetBanking,Failed
159,40,49463.06,2025-06-29 00:41:11,NetBanking,Failed
160,156,42957.25,2025-05-13 16:24:13,UPI,Pending
161,74,40854.22,2024-07-21 19:03:53,NetBanking,Failed
162,29,35708.52,2024-03-10 20:00:37,Card,Pending
163,180,33479.09,2024-12-07 13:40:05,UPI,Failed
164,156,21048.08,2024-03-12 08:32:29,Card,Success
165,30,26622.2,2024-05-12 22:51:16,NetBanking,Pending
166,53,29046.35,2024-07-22 02:17:48,Card,Pending
167,49,46497.38,2024-02-23 16:54:41,Wallet,Failed
168,6,3752.17,2024-05-08 23:02:01,NetBanking,Failed
169,127,3867.1,2024-07-03 02:20:00,Card,Failed
170,73,17877.2,2025-01-23 08:35:48,UPI,Pending
171,35,19766.55,2024-04-18 16:16:55,Wallet,Failed
172,148,42532.11,2025-04-25 02:42:31,UPI,Success
173,16,27653.58,2025-02-03 05:35:11,NetBanking,Success
174,5,9728.2,2024-06-25 05:47:17,Wallet,Pending
175,73,2400.58,2025-02-05 11:16:53,Card,Success
176,59,22870.58,2024-11-20 04:38:41,UPI,Success
177,137,45287.19,2024-04-14 23:20:32,UPI,Pending
178,2,1420.1,2024-06-25 21:47:54,UPI,Pending
179,3,22247.57,2025-02-10 10:58:29,Wallet,Pending
180,50,24684.68,2025-01-09 13:32:02,Card,Pending
181,168,10095.0,2025-07-27 01:35:40,Card,Pending
182,77,6020.45,2023-12-24 18:55:42,Card,Pending
183,186,19433.98,2025-04-06 21:03:00,Card,Success
184,104,20219.04,2024-12-01 06:13:14,UPI,Success
185,87,14919.02,2024-12-29 09:06:55,NetBanking,Failed
186,106,43600.56,2024-11-21 00:21:51,UPI,Pending
187,20,2166.16,2024-02-12 08:51:00,NetBanking,Failed
188,112,2453.87,2025-08-15 13:46:21,UPI,Pending
189,129,8310.4,2023-10-09 15:21:29,NetBanking,Pending
190,51,36285.17,2024-03-12 05:22:57,Card,Success
191,58,37122.72,2024-12-09 21:23:15,NetBanking,Pending
192,131,32986.32,2025-06-23 07:07:05,NetBanking,Failed
193,50,39529.15,2025-07-17 16:04:04,Card,Failed
194,57,7366.27,2024-03-07 02:26:18,UPI,Success
195,64,25546.9,2023-09-28 10:18:22,Card,Success
196,75,25312.94,2023-11-12 13:48:53,Card,Pending
197,45,22424.46,2024-03-26 01:40:13,NetBanking,Success
198,111,12619.68,2024-04-18 12:36:49,NetBanking,Success
199,4,36487.11,2025-02-18 14:51:08,UPI,Pending
200,83,9073.41,2025-08-14 22:54:41,NetBanking,Failed
201,39,29780.76,2025-05-08 03:45:37,NetBanking,Failed
202,51,23005.16,2024-06-08 12:18:26,UPI,Success
203,89,35208.36,2025-04-05 21:24:44,Wallet,Failed
204,141,1565.94,2024-11-26 05:47:19,UPI,Failed
205,198,47659.1,2024-08-16 01:40:00,NetBanking,Pending
206,41,14031.66,2025-03-04 22:59:03,Card,Success
207,22,34358.61,2025-05-31 03:22:18,NetBanking,Pending
208,68,48915.61,2025-02-21 00:29:06,Wallet,Success
209,193,42993.43,2024-09-26 10:54:48,UPI,Pending
210,4,5659.49,2023-11-25 17:23:58,NetBanking,Success
211,58,27365.87,2025-01-28 12:06:48,Card,Pending
212,60,9083.9,2025-07-26 05:58:34,Card,Pending
213,1,13887.37,2024-05-13 10:20:20,Card,Success
214,68,22619.25,2023-12-31 19:36:33,NetBanking,Failed
215,41,2391.52,2025-08-14 11:04:16,UPI,Success
216,66,27829.71,2025-01-22 21:30:15,Card,Pending
217,131,49975.41,2025-08-08 01:42:12,Wallet,Success
218,113,2338.39,2024-11-26 17:51:40,Card,Failed
219,56,44772.27,2024-08-14 23:19:09,Wallet,Success
220,122,15462.81,2024-06-07 19:03:11,Wallet,Success
221,37,4772.15,2025-05-30 12:40:04,UPI,Failed
222,72,10578.14,2023-11-17 08:19:22,Card,Failed
223,74,5324.23,2024-10-02 20:30:37,Wallet,Success
224,5,34269.68,2024-01-13 15:21:39,Card,Failed
225,170,42171.19,2024-06-16 07:27:00,Wallet,Success
226,15,41040.46,2024-10-17 09:34:27,Wallet,Success
227,50,38743.88,2024-10-13 07:58:34,NetBanking,Success
228,4,21497.79,2024-01-20 11:56:06,Card,Pending
229,106,17752.86,2025-05-31 22:36:44,Wallet,Failed
230,162,35348.75,2025-06-17 20:46:40,Card,Pending
231,164,23482.77,2024-04-01 03:06:09,Card,Failed
232,28,27203.07,2024-05-15 10:14:36,UPI,Success
233,80,2054.8,2024-05-21 09:08:42,Card,Pending
234,171,48274.19,2024-11-24 02:16:08,Card,Success
235,159,13034.1,2024-03-19 17:04:18,Card,Pending
236,37,42287.62,2023-12-28 11:31:15,Card,Success
237,164,49072.94,2024-09-02 14:02:14,Wallet,Pending
238,139,38711.32,2025-07-10 10:04:56,NetBanking,Failed
239,174,34187.04,2024-09-04 13:14:47,Card,Success
240,121,15167.33,2025-06-28 08:44:09,Card,Success
241,91,9781.73,2024-02-14 09:38:52,UPI,Pending
242,196,27485.3,2024-03-11 10:33:04,Wallet,Success
243,168,2243.28,2025-01-13 04:03:26,UPI,Pending
244,17,31617.88,2023-12-06 08:32:19,NetBanking,Failed
245,117,45260.26,2024-07-28 22:56:46,UPI,Pending
246,160,5795.78,2024-02-17 19:05:12,Card,Pending
247,59,25477.53,2025-07-12 16:01:35,UPI,Success
248,181,30510.24,2024-11-23 15:55:45,Card,Pending
249,51,18898.22,2023-09-12 15:03:29,UPI,Failed
250,2,17435.5,2023-10-02 17:39:22,Wallet,Success
251,176,40620.23,2024-06-07 23:57:52,Wallet,Pending
252,121,36149.78,2024-01-19 04:10:36,Wallet,Success
253,74,8515.9,2025-05-02 06:22:19,NetBanking,Failed
254,91,46540.86,2025-05-17 07:55:07,NetBanking,Pending
255,188,40455.71,2024-12-07 16:44:25,UPI,Pending
256,89,12724.7,2024-10-25 20:55:17,UPI,Success
257,157,446.95,2024-04-23 00:24:41,UPI,Pending
258,35,13752.12,2025-07-29 16:29:07,NetBanking,Success
259,39,48665.29,2024-10-09 09:18:11,Card,Success
260,5,10078.82,2024-04-08 20:31:32,Wallet,Pending
261,158,5177.74,2023-10-26 12:05:09,Wallet,Failed
262,5,49897.55,2024-01-12 03:49:41,Wallet,Failed
263,84,9485.1,2024-06-10 18:18:00,NetBanking,Pending
264,34,5504.94,2024-05-23 13:58:12,Wallet,Success
265,167,29148.37,2024-11-04 17:58:40,UPI,Failed
266,17,35334.87,2024-10-14 21:45:05,UPI,Success
267,141,10030.54,2024-08-11 15:20:14,NetBanking,Failed
268,71,5169.68,2024-03-14 00:16:54,UPI,Pending
269,36,11443.2,2025-06-14 07:43:40,Wallet,Success
270,80,27800.81,2023-12-23 18:44:52,UPI,Failed
271,34,14145.93,2025-03-16 22:53:58,Card,Pending
272,146,49033.83,2025-06-15 05:18:04,NetBanking,Pending
273,158,45534.21,2023-12-10 10:23:13,NetBanking,Pending
274,109,36608.92,2025-07-24 12:13:55,Card,Failed
275,125,9694.49,2024-11-26 03:11:01,UPI,Pending
276,188,21636.37,2023-10-23 21:18:31,Wallet,Failed
277,25,28007.43,2025-08-25 21:47:58,NetBanking,Pending
278,80,36417.56,2025-01-26 12:56:27,Wallet,Pending
279,16,11995.26,2024-08-01 22:53:27,Wallet,Failed
280,2,36317.66,2024-03-02 23:18:20,UPI,Success
281,164,38634.67,2025-04-13 12:50:40,Card,Failed
282,169,19572.76,2024-06-09 05:34:46,Card,Failed
283,111,30429.09,2025-01-20 11:38:57,NetBanking,Success
284,67,29107.25,2025-04-28 06:01:38,NetBanking,Success
285,150,12256.01,2024-09-27 22:16:32,NetBanking,Success
286,175,38514.86,2023-11-05 22:36:38,UPI,Success
287,175,47333.76,2023-10-12 10:24:04,Wallet,Failed
288,102,9625.51,2025-03-10 03:12:20,NetBanking,Failed
289,100,18448.27,2023-09-28 10:23:34,UPI,Success
290,165,18313.17,2025-07-25 02:25:44,Wallet,Pending
291,147,39320.72,2024-04-12 08:11:27,Card,Pending
292,126,18780.36,2023-09-20 12:39:30,NetBanking,Failed
293,168,4241.2,2024-11-08 20:39:01,NetBanking,Failed
294,148,36647.81,2024-01-03 02:12:18,NetBanking,Pending
295,110,44771.38,2024-02-22 17:44:05,UPI,Failed
296,155,42747.7,2025-04-17 12:28:59,UPI,Failed
297,180,48801.15,2025-01-28 23:09:55,NetBanking,Pending
298,196,16968.78,2025-08-16 09:42:40,Wallet,Failed
299,55,29311.59,2024-03-13 06:42:49,NetBanking,Pending
300,32,32106.38,2024-06-12 12:44:36,NetBanking,Failed
301,63,443.55,2025-05-31 16:54:21,Wallet,Failed
302,63,17028.8,2024-09-15 14:15:27,Card,Failed
303,140,22203.68,2025-02-08 03:20:26,Card,Failed
304,19,36192.95,2024-03-18 18:15:30,Card,Success
305,58,43823.82,2025-08-20 12:14:55,Wallet,Success
306,57,30747.23,2023-10-16 05:53:53,Wallet,Success
307,150,22342.56,2024-11-19 19:26:33,NetBanking,Failed
308,145,27640.02,2024-05-19 07:32:16,Card,Failed
309,188,15819.15,2025-05-16 12:19:41,Card,Pending
310,187,36301.07,2025-07-27 20:05:00,NetBanking,Pending
311,150,44355.53,2025-03-07 12:46:44,UPI,Success
312,124,41581.15,2024-11-01 03:55:06,UPI,Failed
313,72,7593.41,2024-06-29 15:50:02,UPI,Failed
314,15,22285.95,2023-11-23 02:48:16,NetBanking,Pending
315,140,11712.52,2024-11-06 03:38:34,UPI,Failed
316,54,48767.51,2025-03-25 15:22:43,UPI,Success
317,75,16652.12,2023-09-17 06:38:04,Wallet,Pending
318,125,7013.17,2025-01-31 16:08:05,Wallet,Failed
319,157,12124.85,2024-12-29 02:06:12,Wallet,Success
320,43,12573.78,2025-08-28 03:06:04,UPI,Failed
321,66,9382.12,2024-09-24 19:49:52,Card,Failed
322,68,28159.96,2024-01-16 21:47:51,UPI,Pending
323,144,39764.36,2024-11-11 16:02:15,NetBanking,Success
324,82,26805.51,2025-04-05 14:47:02,UPI,Pending
325,42,18527.24,2024-02-04 23:49:17,UPI,Success
326,106,6290.04,2023-11-07 17:38:27,Card,Failed
327,1,26775.08,2025-03-28 20:30:58,Card,Pending
328,57,47665.88,2025-01-05 16:00:30,NetBanking,Failed
329,200,22346.31,2025-05-07 17:13:01,Wallet,Success
330,22,45805.25,2023-10-13 06:18:26,Wallet,Success
331,2,2037.97,2023-10-02 23:03:13,NetBanking,Success
332,88,13000.85,2024-07-07 07:19:01,Wallet,Failed
333,13,25427.31,2025-01-28 22:30:37,Card,Pending
334,52,22515.1,2025-03-18 05:00:32,UPI,Failed
335,147,10609.19,2025-03-25 05:50:08,NetBanking,Failed
336,98,16589.39,2023-10-09 14:56:27,Card,Failed
337,8,42432.65,2025-07-05 14:30:51,Wallet,Failed
338,107,32719.63,2025-01-03 12:54:11,UPI,Success
339,169,3923.22,2024-07-24 01:39:03,Wallet,Failed
340,121,9621.98,2023-10-01 17:05:16,Card,Pending
341,11,35920.56,2024-12-14 00:50:24,Wallet,Success
342,198,46356.9,2025-08-07 20:26:50,Wallet,Success
343,154,22514.88,2024-03-07 07:24:34,UPI,Success
344,91,42752.86,2024-02-06 03:43:35,UPI,Success
345,45,16487.71,2023-12-27 01:29:53,NetBanking,Pending
346,174,3525.23,2025-04-24 02:48:18,NetBanking,Failed
347,104,19224.62,2024-01-05 22:27:11,UPI,Success
348,93,42220.99,2025-06-27 08:46:58,Card,Pending
349,189,29370.52,2023-11-15 15:39:56,NetBanking,Success
350,156,32909.66,2025-08-14 05:36:39,UPI,Success
351,200,11940.32,2024-11-20 04:30:22,NetBanking,Pending
352,76,30724.76,2023-09-24 13:10:15,Card,Success
353,183,49057.86,2025-06-12 02:31:45,NetBanking,Failed
354,118,7075.9,2024-11-23 00:27:26,NetBanking,Success
355,178,12204.31,2025-06-29 19:54:16,Wallet,Pending
356,105,48516.85,2024-04-02 20:58:53,Card,Success
357,143,38725.04,2025-09-02 08:53:45,NetBanking,Success
358,25,39143.4,2025-04-05 11:40:45,UPI,Failed
359,75,15996.7,2025-01-19 13:57:42,NetBanking,Success
360,3,45573.83,2024-04-08 06:18:35,Card,Pending
361,78,18182.76,2024-07-05 14:18:49,Card,Failed
362,189,46773.17,2025-08-20 08:46:12,Card,Pending
363,161,15014.34,2023-10-29 09:53:54,NetBanking,Success
364,41,24838.77,2025-07-04 06:15:25,UPI,Failed
365,100,36674.11,2024-11-02 19:08:34,Wallet,Pending
366,195,33265.16,2024-05-12 23:02:39,NetBanking,Failed
367,110,35273.32,2024-02-25 22:52:01,NetBanking,Failed
368,123,37980.19,2024-04-06 21:44:54,UPI,Success
369,88,9597.71,2024-09-28 16:50:20,Card,Success
370,107,23908.63,2023-10-18 03:25:36,UPI,Failed
371,111,45996.99,2023-10-08 06:16:56,UPI,Pending
372,164,5594.82,2025-04-23 01:22:10,Card,Success
373,184,46307.62,2025-07-05 04:19:54,Card,Success
374,109,2168.26,2024-08-22 14:33:41,UPI,Success
375,49,39416.72,2025-02-27 10:09:37,NetBanking,Success
376,8,21929.38,2024-12-29 01:56:41,UPI,Success
377,145,21194.23,2025-03-29 07:01:05,Wallet,Failed
378,65,22057.33,2023-12-08 01:26:55,UPI,Pending
379,112,31297.7,2025-02-05 05:07:35,UPI,Success
380,63,25320.44,2024-05-21 14:50:42,Wallet,Pending
381,53,11336.76,2024-07-05 07:00:07,Card,Success
382,4,12941.18,2024-11-05 15:39:28,Wallet,Failed
383,15,38447.75,2025-01-07 06:17:56,Wallet,Success
384,175,23263.25,2025-05-13 22:37:41,Card,Failed
385,27,23782.48,2023-09-25 17:39:51,NetBanking,Pending
386,90,3267.79,2025-06-29 03:33:56,NetBanking,Success
387,110,31671.01,2025-05-10 19:08:21,Wallet,Success
388,68,483.91,2024-09-21 15:29:29,Card,Success
389,23,40989.63,2023-09-13 14:13:28,Wallet,Success
390,59,46832.42,2024-01-20 16:19:46,Card,Pending
391,44,3461.54,2025-07-27 00:29:39,Wallet,Pending
392,178,22701.22,2025-06-16 04:17:21,Wallet,Failed
393,185,5875.49,2024-07-03 17:43:27,Card,Success
394,175,980.93,2025-02-01 14:38:10,UPI,Failed
395,113,18504.58,2024-12-31 18:07:41,UPI,Success
396,3,36806.61,2025-02-27 12:52:55,UPI,Success
397,30,12241.25,2024-06-04 07:41:39,NetBanking,Success
398,158,33286.17,2024-05-05 07:05:49,NetBanking,Failed
399,149,36393.82,2024-01-30 20:00:15,Card,Pending
400,144,14424.93,2025-08-13 11:11:47,NetBanking,Pending
401,170,14442.05,2025-06-29 11:00:36,Wallet,Pending
402,157,31001.47,2024-09-19 05:34:01,UPI,Failed
403,31,3971.16,2024-09-06 18:07:58,NetBanking,Failed
404,35,31654.25,2023-10-12 18:49:00,UPI,Failed
405,12,891.58,2025-04-14 15:04:45,Wallet,Failed
406,48,45975.26,2025-04-08 03:04:23,UPI,Pending
407,3,39958.11,2024-03-16 08:06:21,NetBanking,Pending
408,31,4605.48,2024-05-26 13:57:15,Card,Pending
409,1,22320.8,2023-09-12 01:56:41,UPI,Failed
410,113,49817.01,2025-04-10 18:56:28,NetBanking,Pending
411,51,10234.99,2024-03-29 08:24:55,NetBanking,Pending
412,156,4113.74,2023-12-18 05:56:31,Wallet,Success
413,31,38744.72,2023-12-18 20:40:33,UPI,Failed
414,62,3880.46,2025-06-05 16:42:21,NetBanking,Pending
415,12,31947.2,2024-09-15 14:54:33,Wallet,Pending
416,85,42940.84,2024-01-07 17:55:16,UPI,Success
417,1,22813.02,2025-06-30 14:07:24,UPI,Success
418,49,27201.29,2025-03-06 13:04:41,Card,Failed
419,151,30759.14,2025-04-24 10:19:04,Wallet,Failed
420,83,16174.62,2025-01-15 23:23:19,Wallet,Pending
421,65,21287.48,2024-09-05 11:23:42,UPI,Failed
422,114,10697.64,2025-02-22 03:54:56,Card,Failed
423,104,20387.33,2025-06-20 14:17:42,Wallet,Failed
424,20,23857.89,2024-09-06 03:44:52,Wallet,Success
425,30,23978.61,2023-09-21 00:28:09,Card,Pending
426,48,27772.06,2023-12-14 09:05:16,UPI,Pending
427,126,12332.31,2023-11-22 13:43:06,Wallet,Success
428,165,42497.23,2024-08-20 14:02:55,Card,Failed
429,65,31990.95,2024-09-08 06:57:19,NetBanking,Pending
430,19,12143.85,2024-07-14 14:22:11,NetBanking,Success
431,133,35549.8,2025-08-05 21:33:52,Card,Failed
432,196,37049.66,2025-02-08 00:31:28,NetBanking,Pending
433,130,40777.04,2024-03-18 20:53:29,UPI,Failed
434,191,23962.91,2025-07-16 16:32:17,UPI,Success
435,92,25299.6,2024-09-11 01:23:08,UPI,Failed
436,1,27355.49,2024-04-18 21:29:46,NetBanking,Success
437,148,45921.72,2024-02-21 09:19:24,UPI,Success
438,178,2830.04,2025-05-18 23:52:49,Wallet,Pending
439,143,48335.13,2025-01-16 12:26:52,Wallet,Pending
440,194,16048.94,2024-07-30 10:21:14,Wallet,Failed
441,119,39187.97,2024-10-14 20:50:48,UPI,Success
442,9,29388.37,2024-10-24 07:05:07,UPI,Failed
443,199,11846.34,2023-10-26 11:46:14,Card,Failed
444,16,23124.27,2024-02-14 06:17:09,Wallet,Failed
445,78,40459.6,2023-10-02 04:41:09,Card,Success
446,144,41970.42,2023-10-11 23:33:19,UPI,Failed
447,25,38224.83,2024-08-26 14:11:39,UPI,Success
448,47,42924.35,2024-08-08 17:48:31,NetBanking,Success
449,62,21097.43,2024-12-16 00:08:30,UPI,Success
450,174,32232.99,2024-05-30 10:53:30,Card,Pending
451,3,1611.88,2025-04-22 07:05:12,Wallet,Failed
452,173,12540.31,2024-08-27 07:57:13,UPI,Success
453,26,41658.58,2023-10-16 16:17:36,Card,Pending
454,149,2880.13,2024-09-08 09:33:20,UPI,Pending
455,128,37200.35,2025-08-20 19:49:49,Card,Pending
456,95,39680.61,2024-01-20 17:56:59,Wallet,Success
457,103,27874.46,2025-04-22 16:47:17,Wallet,Pending
458,37,40338.55,2024-01-09 00:44:02,NetBanking,Success
459,183,16723.3,2024-05-23 02:13:20,UPI,Failed
460,148,12936.22,2025-01-06 01:40:31,NetBanking,Success
461,28,19100.7,2024-03-25 12:33:25,Wallet,Pending
462,39,3493.71,2024-10-09 07:19:59,NetBanking,Pending
463,29,22523.55,2023-11-19 22:41:46,UPI,Pending
464,38,2736.98,2024-04-07 18:06:26,UPI,Failed
465,63,1354.11,2024-05-18 01:04:38,NetBanking,Success
466,69,2253.41,2024-11-03 07:40:57,Card,Pending
467,159,10068.07,2024-03-24 02:28:42,NetBanking,Pending
468,34,45461.86,2023-12-04 15:01:43,UPI,Success
469,126,41079.15,2024-03-06 23:07:09,Card,Success
470,156,46215.76,2025-07-06 02:41:36,UPI,Pending
471,180,9319.48,2024-01-12 12:14:26,UPI,Success
472,3,43516.95,2024-02-29 03:50:41,Card,Failed
473,90,19297.18,2023-11-28 10:55:36,NetBanking,Failed
474,172,12347.49,2025-04-23 19:48:31,NetBanking,Pending
475,89,4325.98,2024-03-22 01:00:07,Wallet,Success
476,15,14181.5,2023-12-10 18:30:08,Wallet,Failed
477,34,40873.03,2025-07-08 01:06:18,Wallet,Failed
478,172,27312.34,2023-12-25 07:44:09,UPI,Success
479,86,17002.01,2023-10-12 06:14:23,Wallet,Failed
480,115,15178.47,2024-07-05 18:02:12,Wallet,Success
481,33,7016.12,2025-02-03 06:37:14,Card,Failed
482,67,33147.56,2025-05-06 12:09:38,NetBanking,Failed
483,69,18807.81,2025-03-04 10:16:42,NetBanking,Failed
484,8,49224.01,2025-09-07 11:28:40,NetBanking,Success
485,100,3597.07,2023-09-15 19:20:19,Card,Pending
486,149,25877.26,2024-01-21 06:49:00,NetBanking,Success
487,83,32258.56,2025-06-09 14:13:57,UPI,Pending
488,12,9274.85,2025-07-21 05:44:40,UPI,Failed
489,22,21205.44,2023-11-17 03:21:47,NetBanking,Success
490,64,33268.01,2025-01-25 20:44:31,NetBanking,Failed
491,196,43640.55,2023-12-08 14:20:40,UPI,Failed
492,142,48647.12,2024-04-17 20:10:49,UPI,Pending
493,165,11139.36,2024-12-23 11:00:36,Card,Pending
494,56,47779.86,2025-05-18 01:15:43,UPI,Success
495,91,31288.54,2023-10-26 16:28:24,UPI,Failed
496,146,10241.23,2024-03-29 09:35:03,NetBanking,Failed
497,156,16799.06,2024-09-09 11:28:31,NetBanking,Pending
498,93,44072.47,2025-03-01 22:00:23,NetBanking,Success
499,5,31937.86,2024-04-25 21:14:04,Card,Success
500,91,45106.5,2023-10-12 13:27:48,Wallet,Success
501,141,11829.25,2024-09-12 20:09:14,UPI,Failed
502,195,10655.89,2024-01-18 00:21:35,Wallet,Pending
503,106,18695.94,2025-01-03 00:36:13,Wallet,Success
504,149,20256.31,2024-11-03 05:02:03,Wallet,Success
505,77,290.68,2025-04-08 09:17:33,Wallet,Success
506,175,44547.8,2023-11-05 04:55:14,Card,Failed
507,139,27120.03,2024-09-11 05:45:47,Card,Success
508,21,48202.99,2024-10-03 01:27:46,Wallet,Failed
509,132,47916.07,2024-01-29 02:26:42,UPI,Success
510,6,6894.46,2025-05-09 06:22:21,Card,Success
511,166,29972.36,2024-08-20 21:36:33,Wallet,Pending
512,23,30851.84,2024-10-19 21:28:51,NetBanking,Success
513,58,26565.0,2023-10-07 23:38:19,NetBanking,Success
514,160,33925.3,2024-04-18 14:25:50,Card,Pending
515,84,27102.0,2023-12-15 18:38:31,UPI,Pending
516,82,7460.01,2023-10-16 19:27:01,Wallet,Success
517,108,36158.97,2024-07-12 21:28:02,Wallet,Pending
518,133,10500.32,2023-11-15 06:27:45,Card,Pending
519,15,31927.8,2025-07-16 21:01:38,UPI,Failed
520,113,20179.27,2024-05-29 23:05:50,Wallet,Pending
521,32,8658.06,2024-11-27 18:46:17,Card,Success
522,191,2271.14,2025-07-09 14:54:32,Card,Failed
523,115,32655.78,2024-08-04 14:14:10,NetBanking,Pending
524,60,23574.12,2025-04-09 05:58:12,Wallet,Success
525,169,47757.63,2025-07-16 05:36:45,NetBanking,Failed
526,39,19182.94,2024-02-15 21:43:54,Wallet,Success
527,134,44805.25,2025-08-27 12:30:39,UPI,Failed
528,119,30283.79,2024-02-23 23:05:39,NetBanking,Pending
529,135,42885.81,2024-08-20 21:30:32,Card,Pending
530,23,5304.42,2025-08-26 00:00:41,Card,Failed
531,98,44239.4,2024-04-24 18:04:11,NetBanking,Success
532,51,17045.53,2025-06-24 10:34:32,NetBanking,Pending
533,171,46194.2,2024-03-06 23:57:05,UPI,Failed
534,58,36743.71,2025-02-09 08:22:36,UPI,Failed
535,61,17583.14,2024-02-29 10:54:53,NetBanking,Pending
536,109,38145.27,2024-06-01 12:00:26,Card,Success
537,196,37050.82,2024-07-30 01:39:46,UPI,Pending
538,137,26925.24,2024-07-27 18:16:32,Wallet,Pending
539,186,29274.06,2024-04-27 15:39:02,NetBanking,Pending
540,176,19557.76,2025-01-29 21:10:13,UPI,Failed
541,165,7609.07,2023-12-11 01:49:12,UPI,Success
542,14,13923.98,2024-06-28 10:48:06,Wallet,Success
543,89,45797.37,2023-12-17 11:25:10,Card,Pending
544,164,23108.14,2025-03-10 11:59:06,NetBanking,Success
545,152,13037.4,2024-06-26 15:54:51,UPI,Success
546,162,10243.97,2024-11-26 16:11:41,Wallet,Pending
547,78,7716.57,2025-01-19 17:11:38,UPI,Success
548,104,2759.27,2024-04-06 23:03:50,UPI,Success
549,87,6927.62,2025-04-25 14:39:52,Wallet,Success
550,39,39333.91,2025-07-12 09:30:53,Card,Pending
551,118,27423.08,2024-02-27 08:21:46,Card,Pending
552,19,27366.17,2025-06-28 19:12:20,NetBanking,Success
553,86,46326.77,2024-11-19 14:16:04,NetBanking,Success
554,59,40625.19,2024-12-22 23:48:26,UPI,Failed
555,109,1251.87,2025-07-08 12:28:08,Card,Pending
556,182,44841.13,2025-03-22 12:30:16,Card,Success
557,72,22618.89,2025-01-14 00:21:44,Card,Pending
558,61,11447.56,2024-10-05 17:26:08,NetBanking,Success
559,140,3409.23,2023-10-29 18:57:04,Wallet,Success
560,180,28669.86,2025-08-27 16:49:28,Card,Failed
561,142,41270.96,2025-05-23 17:07:42,NetBanking,Failed
562,110,13638.52,2024-06-15 04:01:51,UPI,Pending
563,89,18723.9,2023-10-30 06:28:36,Wallet,Failed
564,164,17767.67,2025-01-29 05:46:36,UPI,Success
565,158,19353.0,2024-12-25 15:59:17,Card,Failed
566,167,36148.85,2024-11-01 00:42:51,Card,Success
567,110,24870.33,2025-07-04 14:37:39,UPI,Success
568,146,37371.92,2024-02-28 18:49:07,NetBanking,Pending
569,41,42724.25,2025-06-10 18:37:24,Wallet,Success
570,71,43079.83,2024-09-18 00:14:17,Wallet,Failed
571,148,39630.37,2025-03-25 23:47:39,Wallet,Success
572,134,20052.46,2024-09-24 08:59:29,Card,Success
573,102,35867.22,2023-12-04 03:01:36,Wallet,Pending
574,57,26631.81,2025-01-11 04:01:39,Card,Failed
575,42,24081.39,2025-02-07 14:29:09,UPI,Success
576,47,420.52,2024-12-09 13:53:46,Wallet,Success
577,60,29381.65,2024-06-13 06:55:43,NetBanking,Pending
578,65,44915.85,2024-06-13 04:32:20,Card,Success
579,102,33647.87,2025-07-19 04:51:16,Wallet,Success
580,83,31584.18,2024-05-31 20:13:26,NetBanking,Pending
581,88,5523.0,2024-05-28 01:52:40,Card,Success
582,150,24768.81,2024-06-25 11:18:11,NetBanking,Success
583,72,48939.24,2024-09-19 14:17:14,UPI,Failed
584,93,18670.13,2024-11-13 01:22:39,NetBanking,Failed
585,85,20702.18,2024-12-05 00:38:48,Wallet,Failed
586,98,40154.01,2024-08-21 06:20:46,NetBanking,Success
587,78,21206.87,2023-09-25 04:35:50,Wallet,Success
588,21,2696.35,2024-12-10 03:08:17,NetBanking,Pending
589,95,19041.35,2024-08-26 03:21:44,UPI,Success
590,63,10080.51,2024-08-05 00:46:50,Wallet,Pending
591,193,31434.9,2025-03-07 16:50:24,Wallet,Pending
592,187,37506.91,2024-05-17 12:01:07,NetBanking,Failed
593,101,22374.52,2025-06-13 01:41:43,NetBanking,Failed
594,95,23252.24,2024-10-02 19:57:32,Wallet,Pending
595,166,45077.6,2023-11-14 16:40:35,UPI,Success
596,56,1909.58,2025-05-08 18:49:39,UPI,Success
597,55,32284.89,2024-10-06 07:37:21,NetBanking,Failed
598,96,33551.93,2023-10-03 15:10:55,UPI,Pending
599,74,26434.66,2024-04-24 12:59:47,NetBanking,Pending
600,162,29082.25,2024-05-27 08:32:12,NetBanking,Success
601,135,44240.63,2024-12-24 10:06:26,Wallet,Success
602,106,5929.15,2024-08-11 07:42:54,NetBanking,Pending
603,19,23233.31,2024-09-15 09:44:37,UPI,Success
604,10,10305.81,2025-01-07 02:43:53,NetBanking,Pending
605,71,36627.23,2023-12-18 05:42:53,UPI,Failed
606,123,49782.82,2025-05-19 20:28:29,NetBanking,Success
607,33,39728.15,2024-08-06 15:04:49,NetBanking,Success
608,161,3969.5,2024-11-25 10:29:28,Card,Pending
609,8,25580.25,2024-09-15 13:32:46,Wallet,Success
610,192,12459.99,2023-11-27 11:20:14,Wallet,Failed
611,67,22124.47,2024-03-25 03:12:09,Wallet,Success
612,59,17427.36,2024-08-29 20:12:15,UPI,Failed
613,43,48886.66,2024-03-15 05:01:44,UPI,Success
614,116,11998.32,2025-01-27 21:58:51,NetBanking,Failed
615,49,9309.02,2023-12-04 12:23:58,UPI,Failed
616,57,8688.3,2025-05-22 19:15:17,UPI,Success
617,53,22165.58,2023-09-26 00:30:35,Card,Pending
618,56,25897.29,2025-02-15 07:56:12,UPI,Pending
619,53,20682.66,2024-11-21 13:53:08,UPI,Failed
620,101,601.51,2024-01-06 00:25:09,UPI,Pending
621,155,45604.13,2024-03-10 10:50:19,UPI,Failed
622,25,7602.54,2025-05-14 19:10:30,UPI,Failed
623,121,11419.84,2023-12-09 08:36:43,Card,Failed
624,61,49030.48,2025-01-11 01:03:18,Card,Pending
625,155,7799.98,2025-03-04 04:06:20,Card,Success
626,159,37607.83,2025-03-16 17:03:17,Card,Failed
627,134,19301.33,2025-02-03 18:10:25,NetBanking,Success
628,127,19764.49,2024-08-08 14:31:24,Card,Pending
629,5,14483.1,2025-08-31 04:05:46,UPI,Success
630,52,29071.15,2024-07-14 07:49:30,UPI,Pending
631,78,15045.15,2024-03-31 20:24:09,Card,Success
632,110,28966.02,2024-04-19 18:50:29,Card,Failed
633,199,21851.2,2024-03-12 20:26:47,Wallet,Failed
634,33,8669.16,2023-12-28 11:43:05,Wallet,Failed
635,136,39019.72,2024-03-13 12:27:23,Wallet,Success
636,10,13265.5,2024-03-09 18:15:22,Wallet,Pending
637,117,39124.78,2025-06-14 16:37:42,Card,Success
638,198,47506.07,2025-06-30 11:02:31,Card,Pending
639,173,32441.36,2024-09-01 01:00:08,Card,Failed
640,114,32724.38,2025-04-30 18:17:32,Card,Success
641,182,29414.74,2023-09-18 15:18:42,Wallet,Failed
642,161,42180.15,2025-06-27 13:34:10,Card,Pending
643,191,32870.74,2024-04-03 23:19:03,NetBanking,Pending
644,7,35098.05,2024-07-29 13:39:21,NetBanking,Success
645,145,16229.36,2024-06-18 20:36:58,Wallet,Pending
646,82,7229.06,2024-06-20 01:20:04,UPI,Failed
647,107,34266.13,2024-09-20 10:34:32,Card,Success
648,33,20458.63,2024-12-03 15:56:00,Card,Failed
649,88,10355.45,2024-08-31 08:08:50,NetBanking,Failed
650,126,9279.01,2025-07-22 12:26:28,NetBanking,Success
651,118,13897.54,2025-07-30 10:49:17,UPI,Failed
652,85,25979.19,2025-07-01 04:41:43,NetBanking,Success
653,8,20586.4,2025-01-19 10:19:27,Card,Failed
654,153,41013.33,2023-11-13 02:03:50,Wallet,Pending
655,160,26714.05,2024-03-04 18:04:22,Wallet,Failed
656,109,26036.31,2024-06-24 19:37:16,Wallet,Pending
657,133,43434.31,2025-07-05 21:13:34,NetBanking,Pending
658,90,10884.59,2024-12-24 00:31:38,Card,Failed
659,20,6303.76,2023-10-01 17:47:49,NetBanking,Success
660,189,19849.54,2024-04-27 21:43:45,NetBanking,Pending
661,46,25662.74,2024-06-15 19:36:43,UPI,Success
662,76,8735.0,2024-06-01 17:51:16,Card,Success
663,76,244.2,2024-02-10 04:59:02,NetBanking,Success
664,188,37374.67,2024-07-31 10:18:51,Card,Success
665,163,41626.13,2024-11-25 02:45:31,Wallet,Failed
666,118,44857.98,2024-08-22 20:27:29,UPI,Failed
667,186,22814.81,2023-10-11 22:27:42,NetBanking,Pending
668,190,26543.7,2024-01-23 22:15:44,Card,Failed
669,103,22415.68,2025-08-20 20:36:05,Wallet,Pending
670,42,27133.2,2024-05-18 16:41:59,NetBanking,Failed
671,104,45308.21,2023-12-30 23:33:16,UPI,Success
672,132,34143.06,2024-07-21 06:48:53,NetBanking,Failed
673,137,49390.11,2024-01-09 12:09:44,UPI,Pending
674,134,13451.99,2024-07-03 07:55:33,UPI,Failed
675,25,18612.86,2024-06-27 16:37:27,NetBanking,Success
676,141,4826.27,2024-12-11 15:17:04,UPI,Pending
677,137,3142.42,2025-04-03 18:53:36,Wallet,Failed
678,116,22051.62,2025-04-15 03:51:42,Card,Failed
679,70,37613.95,2024-12-16 10:44:24,Card,Success
680,80,13546.55,2024-09-22 10:04:40,NetBanking,Pending
681,191,7839.17,2025-05-26 16:35:11,Wallet,Failed
682,146,38639.2,2025-03-16 10:58:47,Card,Pending
683,197,31752.62,2024-05-25 18:00:18,UPI,Success
684,42,23347.02,2024-12-14 07:44:44,NetBanking,Pending
685,48,5306.41,2024-06-26 13:44:05,Card,Success
686,72,26051.11,2025-06-09 22:35:10,NetBanking,Pending
687,98,31581.12,2024-01-03 18:49:22,NetBanking,Pending
688,162,21599.97,2025-08-05 14:56:58,NetBanking,Pending
689,185,28859.34,2024-04-19 05:48:24,Wallet,Success
690,198,3190.58,2025-01-10 07:17:47,Card,Failed
691,191,23020.32,2023-11-30 21:57:43,NetBanking,Success
692,175,6384.77,2024-12-30 06:50:34,NetBanking,Pending
693,122,28337.62,2024-09-19 14:43:08,NetBanking,Pending
694,5,5186.46,2025-04-06 02:31:00,Wallet,Success
695,39,37833.91,2024-06-13 15:15:41,Card,Failed
696,157,1203.08,2024-05-14 12:32:27,NetBanking,Success
697,95,8652.32,2025-02-16 19:05:51,Wallet,Success
698,131,10915.79,2024-10-31 07:30:06,NetBanking,Pending
699,116,44792.44,2023-12-03 21:44:35,UPI,Failed
700,129,11570.32,2024-05-18 20:26:03,NetBanking,Success
701,61,17449.54,2024-11-26 13:39:35,Card,Pending
702,179,46821.84,2024-02-16 02:14:55,Card,Failed
703,81,16071.07,2023-11-22 07:17:24,Card,Failed
704,54,17871.0,2025-07-31 06:46:07,NetBanking,Failed
705,92,29653.03,2024-05-03 21:52:27,Card,Success
706,173,19828.05,2024-11-04 03:24:06,NetBanking,Failed
707,5,37683.08,2024-06-11 01:15:37,UPI,Failed
708,50,41902.2,2024-08-23 01:18:49,UPI,Success
709,147,41221.48,2025-01-06 03:19:24,UPI,Pending
710,152,33780.35,2024-09-14 13:57:05,Wallet,Failed
711,192,11387.29,2023-10-09 14:49:30,UPI,Failed
712,37,20261.26,2023-12-26 15:48:14,Card,Failed
713,155,13475.43,2024-12-10 18:20:38,Wallet,Success
714,67,14149.06,2023-12-31 19:13:32,UPI,Pending
715,87,348.9,2024-09-14 00:58:08,NetBanking,Pending
716,41,49498.63,2025-04-07 13:53:35,UPI,Success
717,196,37363.59,2023-12-27 00:37:24,Wallet,Pending
718,97,13778.54,2024-04-29 15:04:02,Wallet,Failed
719,67,41314.42,2024-04-29 21:35:59,Card,Pending
720,63,44896.39,2024-05-05 14:30:16,NetBanking,Failed
721,144,21364.85,2024-09-25 16:26:39,Wallet,Success
722,192,39554.27,2025-06-28 22:44:33,Card,Pending
723,162,28557.7,2023-12-10 10:53:02,NetBanking,Pending
724,122,8814.92,2023-11-04 06:54:00,Card,Pending
725,94,26640.51,2024-05-01 08:35:11,Card,Failed
726,106,38388.88,2023-10-03 08:36:43,UPI,Success
727,175,39947.18,2024-01-14 07:33:54,UPI,Success
728,193,47553.1,2024-06-17 03:28:31,NetBanking,Failed
729,141,6486.47,2025-03-24 04:17:53,NetBanking,Success
730,96,34658.93,2023-09-20 05:11:34,UPI,Success
731,98,27904.22,2024-06-28 14:50:33,UPI,Failed
732,15,5757.48,2024-03-26 23:50:45,NetBanking,Success
733,74,49992.91,2024-04-22 00:37:32,Card,Failed
734,97,31879.2,2024-12-20 14:50:04,UPI,Pending
735,139,1829.17,2024-05-11 07:07:26,Card,Success
736,164,27960.47,2025-01-02 05:53:00,NetBanking,Failed
737,160,25997.28,2024-12-05 04:00:29,UPI,Pending
738,189,47107.77,2024-10-31 16:21:16,Wallet,Pending
739,142,32720.92,2024-02-13 03:21:53,Wallet,Success
740,24,48522.43,2024-10-11 07:38:22,Card,Pending
741,195,48956.2,2024-07-05 07:00:51,UPI,Pending
742,146,3533.98,2024-02-01 18:49:59,Wallet,Pending
743,50,24375.58,2025-03-08 04:34:26,Card,Pending
744,98,3846.06,2025-04-08 20:27:03,Card,Failed
745,5,35701.93,2025-07-15 09:07:36,NetBanking,Success
746,126,13817.68,2024-02-24 07:42:09,NetBanking,Success
747,65,27349.22,2023-11-29 20:11:30,UPI,Pending
748,11,29595.99,2024-07-02 04:34:53,Wallet,Success
749,92,49800.74,2024-07-07 11:04:27,UPI,Success
750,132,26832.23,2024-09-27 20:32:34,NetBanking,Success
751,121,14364.71,2024-12-18 08:40:56,Card,Success
752,73,31486.87,2024-01-03 02:53:45,Wallet,Pending
753,76,46505.15,2024-05-08 10:05:43,Card,Success
754,91,22713.34,2025-06-02 23:14:34,Card,Success
755,12,35659.84,2025-05-16 19:21:11,Card,Failed
756,74,9996.3,2024-11-25 04:24:36,NetBanking,Success
757,87,15014.94,2023-11-10 10:56:44,Card,Success
758,14,29763.23,2025-09-08 10:19:00,UPI,Failed
759,98,9587.43,2024-11-10 06:35:51,UPI,Success
760,54,1817.25,2024-05-17 18:56:59,Wallet,Failed
761,82,23236.29,2024-04-19 07:40:14,Wallet,Pending
762,162,1710.37,2025-04-24 06:54:51,Card,Failed
763,103,35232.48,2024-04-16 21:27:04,Wallet,Success
764,43,9077.95,2024-09-13 09:41:09,Card,Pending
765,140,1781.23,2024-01-12 11:51:40,Wallet,Failed
766,52,34741.6,2024-04-07 17:43:12,Card,Success
767,14,9905.85,2024-03-18 13:06:13,NetBanking,Pending
768,89,27121.79,2024-03-02 22:42:59,Wallet,Success
769,97,21311.62,2025-06-19 07:20:27,Wallet,Pending
770,18,2224.49,2024-10-13 02:14:03,Wallet,Success
771,129,19485.79,2024-02-06 17:36:59,Wallet,Pending
772,111,46737.38,2025-08-06 21:45:06,NetBanking,Failed
773,8,14445.1,2024-06-17 18:52:03,UPI,Success
774,128,5967.54,2023-11-25 11:24:18,Wallet,Pending
775,104,47258.43,2024-08-23 00:17:18,Wallet,Success
776,176,27140.9,2024-05-04 15:15:16,Wallet,Success
777,80,37547.64,2025-07-10 01:50:49,Card,Pending
778,56,36444.14,2025-05-11 13:21:02,NetBanking,Success
779,172,16653.09,2024-11-21 17:54:46,Card,Pending
780,154,29767.76,2024-02-22 07:55:54,Wallet,Success
781,70,31345.76,2025-01-28 00:06:07,UPI,Failed
782,78,11452.31,2024-05-28 02:16:39,NetBanking,Success
783,68,20738.99,2024-12-27 20:52:53,NetBanking,Pending
784,170,13526.58,2024-02-03 02:19:04,Wallet,Success
785,18,48799.03,2024-10-08 00:46:20,Wallet,Pending
786,2,13490.34,2025-06-26 02:40:24,Card,Pending
787,186,35876.93,2023-09-13 07:12:31,NetBanking,Pending
788,137,25040.78,2023-11-20 19:09:54,NetBanking,Pending
789,153,31481.6,2025-02-04 19:06:07,UPI,Success
790,68,5610.21,2025-05-17 09:44:14,Wallet,Success
791,179,10487.64,2025-08-08 04:35:51,NetBanking,Failed
792,141,17212.99,2023-12-13 16:17:01,Card,Success
793,3,13596.22,2023-10-12 11:49:50,NetBanking,Success
794,200,38144.2,2024-06-08 17:03:54,UPI,Failed
795,58,12073.39,2025-05-09 17:15:55,NetBanking,Pending
796,145,29479.5,2025-05-19 08:55:28,Card,Failed
797,172,42630.07,2025-01-29 23:25:43,Wallet,Pending
798,171,47605.25,2024-08-24 07:07:09,Wallet,Success
799,65,39757.16,2025-02-06 09:23:42,NetBanking,Pending
800,155,12716.33,2023-12-06 18:42:58,NetBanking,Success
801,179,19735.96,2024-06-16 06:53:15,Card,Pending
802,111,43388.21,2024-05-26 16:41:12,UPI,Failed
803,148,24701.67,2024-07-04 05:07:39,NetBanking,Success
804,4,12146.55,2023-10-01 17:51:58,Card,Failed
805,1,2326.15,2024-09-17 01:32:48,UPI,Success
806,41,6773.79,2025-05-09 10:48:05,Card,Success
807,77,44528.9,2025-05-08 03:06:43,Wallet,Pending
808,77,43099.64,2023-09-17 16:59:18,NetBanking,Pending
809,31,46316.04,2025-08-24 20:56:01,NetBanking,Failed
810,131,24347.59,2024-11-05 05:13:19,UPI,Success
811,71,3858.01,2024-07-05 23:00:40,Card,Failed
812,141,24116.56,2023-10-11 22:30:12,NetBanking,Success
813,101,18544.65,2025-03-29 08:13:48,Wallet,Failed
814,75,31728.31,2025-03-23 01:55:27,NetBanking,Failed
815,35,18958.07,2025-07-02 03:44:30,Card,Success
816,16,19121.93,2024-12-11 05:48:53,NetBanking,Success
817,159,34293.8,2023-11-09 13:13:21,Wallet,Pending
818,166,13277.51,2024-04-23 16:50:43,NetBanking,Success
819,200,5068.99,2025-09-07 08:28:23,NetBanking,Failed
820,191,17368.49,2025-04-30 19:09:50,Card,Success
821,16,15068.3,2024-09-26 22:39:27,Wallet,Success
822,91,24212.85,2025-01-01 09:55:08,Card,Success
823,27,17227.26,2025-04-16 19:24:11,Wallet,Pending
824,157,23591.74,2024-06-17 17:58:09,NetBanking,Pending
825,65,35618.59,2024-10-10 11:32:43,Card,Success
826,88,12961.02,2025-01-03 22:08:04,Card,Failed
827,45,16770.64,2024-08-28 10:36:58,Card,Pending
828,123,36681.11,2025-04-26 09:11:04,UPI,Success
829,189,6733.76,2025-07-19 20:40:22,NetBanking,Success
830,20,153.7,2024-03-09 09:22:29,Wallet,Success
831,181,30869.52,2025-09-08 03:09:16,Wallet,Failed
832,125,14876.38,2024-08-29 10:31:06,Wallet,Success
833,118,24569.13,2025-01-15 11:42:14,UPI,Success
834,71,12234.97,2024-01-29 21:38:10,UPI,Success
835,177,14106.82,2024-05-20 16:46:00,UPI,Pending
836,180,48999.43,2023-11-29 18:13:21,Card,Failed
837,200,36446.98,2025-08-30 22:33:39,Wallet,Pending
838,110,26065.79,2025-09-03 00:51:48,NetBanking,Success
839,18,21367.9,2025-04-10 06:17:35,NetBanking,Failed
840,76,49758.7,2024-05-27 10:43:11,Wallet,Failed
841,142,28512.61,2023-09-17 01:47:45,Card,Failed
842,142,20451.17,2024-12-23 22:54:57,Card,Pending
843,68,28150.75,2024-07-17 21:00:51,Card,Failed
844,1,111.65,2024-10-03 09:11:03,Wallet,Success
845,93,9066.43,2024-04-15 14:51:02,Card,Failed
846,162,31528.37,2024-02-27 11:31:33,NetBanking,Pending
847,117,23307.29,2023-11-02 19:52:43,Wallet,Success
848,172,27031.85,2025-08-24 08:22:59,Wallet,Failed
849,85,40689.99,2025-05-16 20:11:22,NetBanking,Success
850,133,884.76,2024-04-02 23:30:48,Card,Failed
851,198,22011.95,2024-11-19 16:34:51,Wallet,Success
852,40,46027.84,2025-07-28 02:58:33,UPI,Pending
853,27,48399.2,2024-07-24 20:53:55,NetBanking,Success
854,51,28054.87,2023-11-20 15:10:56,UPI,Failed
855,72,31678.91,2025-03-26 14:37:55,Card,Pending
856,12,38103.13,2025-05-07 07:23:38,UPI,Pending
857,192,35504.88,2024-10-09 15:19:02,UPI,Success
858,71,28774.36,2024-08-31 05:30:00,Wallet,Failed
859,52,17910.66,2023-10-16 01:42:32,Wallet,Success
860,135,10126.42,2024-04-23 22:41:59,Card,Success
861,3,24777.04,2023-10-18 12:09:39,NetBanking,Pending
862,152,23988.36,2024-03-04 22:34:22,Card,Failed
863,166,39515.61,2025-02-01 18:50:47,Wallet,Failed
864,138,19990.19,2024-02-26 11:30:33,UPI,Failed
865,79,29591.45,2025-06-07 21:36:46,UPI,Failed
866,131,15950.61,2024-10-12 02:31:22,Wallet,Success
867,28,35382.52,2024-10-25 05:24:09,UPI,Failed
868,51,33238.2,2024-09-05 20:25:55,NetBanking,Pending
869,186,32659.38,2025-05-14 08:26:32,UPI,Failed
870,122,38049.46,2024-04-23 11:19:52,Card,Success
871,109,11934.44,2023-11-09 00:23:15,Card,Pending
872,138,11288.96,2024-02-01 12:13:36,Wallet,Pending
873,142,38778.14,2023-11-24 05:20:14,NetBanking,Failed
874,157,37933.07,2023-12-07 06:00:44,NetBanking,Failed
875,63,25371.95,2024-01-15 12:31:24,UPI,Failed
876,68,38520.61,2025-08-04 06:46:49,NetBanking,Success
877,87,28999.17,2024-11-24 11:51:48,Wallet,Success
878,77,48439.5,2025-05-15 21:19:41,UPI,Success
879,132,42491.12,2024-11-05 13:10:20,Card,Failed
880,119,973.5,2024-01-08 16:09:47,Card,Success
881,143,9418.17,2024-08-14 02:34:32,Wallet,Pending
882,58,46477.71,2023-11-20 16:42:10,Wallet,Success
883,181,29371.97,2023-11-14 03:50:26,UPI,Pending
884,101,7835.45,2025-05-03 23:56:28,NetBanking,Pending
885,147,19248.71,2023-10-24 01:39:32,Wallet,Success
886,59,23152.32,2023-11-30 22:54:47,Card,Success
887,169,17328.08,2024-10-16 14:42:53,NetBanking,Pending
888,58,12439.59,2024-03-03 00:11:50,NetBanking,Failed
889,178,17023.29,2025-07-06 02:55:32,UPI,Failed
890,47,18966.22,2024-06-24 19:40:12,Card,Pending
891,159,14356.53,2023-10-28 04:06:07,UPI,Pending
892,59,12599.56,2025-04-14 17:54:21,Wallet,Success
893,29,20311.62,2025-08-30 11:45:30,Wallet,Failed
894,141,37106.24,2025-06-20 23:24:36,UPI,Failed
895,194,4533.04,2025-09-10 02:56:51,Card,Success
896,157,27076.31,2024-03-09 12:56:31,Card,Success
897,187,29073.17,2024-12-02 02:24:03,UPI,Failed
898,68,43960.6,2024-07-04 05:04:09,Card,Failed
899,178,41992.65,2024-11-23 06:00:45,UPI,Success
900,84,34454.22,2024-11-03 01:32:46,Card,Failed
901,190,13595.12,2024-10-23 18:56:18,Wallet,Pending
902,39,18130.41,2024-10-09 00:58:23,UPI,Success
903,2,4179.0,2025-06-18 06:38:57,UPI,Pending
904,3,47717.87,2025-04-23 17:45:31,Wallet,Failed
905,166,31173.94,2025-05-02 04:50:52,Card,Failed
906,190,7221.71,2025-06-04 23:48:02,NetBanking,Pending
907,106,40097.65,2024-08-15 17:06:46,NetBanking,Failed
908,159,27756.63,2024-08-25 09:00:55,Wallet,Failed
909,148,11882.52,2024-08-05 11:37:35,NetBanking,Failed
910,91,7198.11,2024-10-29 17:52:38,Card,Failed
911,64,23235.15,2023-12-03 18:53:55,NetBanking,Success
912,33,28135.1,2024-07-29 22:32:47,NetBanking,Failed
913,20,34182.83,2024-08-18 19:18:56,Card,Failed
914,177,7156.3,2024-01-13 19:47:11,NetBanking,Pending
915,18,3815.93,2024-05-14 19:44:38,UPI,Failed
916,168,14648.17,2025-01-19 01:59:45,Card,Success
917,188,25444.92,2023-10-19 02:46:59,Card,Failed
918,50,17474.37,2025-05-12 20:16:54,Card,Success
919,166,43849.95,2025-07-07 08:56:12,NetBanking,Pending
920,126,27002.11,2024-06-02 18:12:30,Card,Success
921,57,13464.65,2024-11-04 12:25:16,Wallet,Failed
922,38,34759.72,2024-05-05 19:29:16,UPI,Success
923,79,5155.61,2024-09-25 11:11:49,Wallet,Success
924,122,15402.67,2024-11-25 23:35:03,Wallet,Failed
925,17,35855.28,2024-03-21 17:59:55,Wallet,Pending
926,127,6856.66,2025-08-17 17:32:42,Card,Pending
927,63,40665.47,2024-12-29 23:41:52,NetBanking,Failed
928,187,41115.42,2024-08-17 23:01:42,Card,Success
929,156,14381.1,2023-09-18 16:03:12,NetBanking,Success
930,48,353.32,2024-02-21 22:07:23,NetBanking,Pending
931,10,39610.55,2024-12-26 23:56:04,Card,Pending
932,162,7245.87,2024-11-15 16:58:34,NetBanking,Failed
933,133,2429.34,2025-04-12 02:24:05,UPI,Success
934,83,39635.62,2025-06-01 23:13:52,Wallet,Pending
935,153,23159.34,2024-09-09 03:25:12,NetBanking,Pending
936,82,32351.82,2024-12-27 08:01:45,NetBanking,Success
937,103,33151.02,2023-10-28 07:43:15,Wallet,Pending
938,168,15640.66,2024-11-02 21:32:42,Wallet,Success
939,95,5915.46,2024-10-09 13:22:03,Wallet,Failed
940,12,32469.79,2023-10-15 11:17:34,Wallet,Success
941,37,29628.07,2024-10-19 13:22:46,Wallet,Pending
942,156,12956.66,2023-09-19 08:11:21,Card,Success
943,162,1276.96,2024-10-06 20:42:51,Card,Failed
944,114,14717.22,2024-06-30 10:54:06,Wallet,Pending
945,24,32850.37,2024-05-22 15:10:40,UPI,Pending
946,52,32246.34,2025-07-15 23:03:26,NetBanking,Pending
947,12,31355.74,2024-08-10 17:29:50,NetBanking,Pending
948,34,13040.66,2025-06-27 21:11:34,NetBanking,Pending
949,158,21241.83,2025-07-14 18:59:14,UPI,Success
950,27,42618.2,2024-03-07 14:04:11,Wallet,Pending
951,24,19627.7,2025-06-29 23:05:55,NetBanking,Failed
952,21,31369.26,2025-02-22 21:30:23,Wallet,Pending
953,163,45866.2,2025-08-12 06:13:25,NetBanking,Pending
954,65,41270.44,2024-11-25 11:01:23,Wallet,Failed
955,157,35870.3,2025-06-09 05:25:29,UPI,Success
956,192,35406.94,2024-06-20 15:03:29,UPI,Success
957,168,48749.44,2025-07-25 15:45:10,UPI,Pending
958,167,24285.59,2025-08-03 03:11:47,NetBanking,Failed
959,159,23383.51,2025-03-06 02:52:49,Card,Pending
960,134,48444.4,2024-01-28 15:07:25,Wallet,Success
961,135,14334.63,2024-07-20 16:21:44,Wallet,Success
962,92,4529.77,2025-05-26 21:25:37,Wallet,Pending
963,72,34513.1,2024-08-12 13:15:45,UPI,Pending
964,58,40202.57,2025-07-07 08:32:17,Wallet,Success
965,68,9381.2,2025-02-25 15:26:35,UPI,Pending
966,156,1471.09,2024-03-31 16:52:26,Wallet,Pending
967,79,27194.76,2025-01-08 16:27:59,Wallet,Success
968,150,34519.4,2025-03-13 21:33:21,NetBanking,Pending
969,39,3729.08,2025-08-07 04:25:29,Wallet,Pending
970,142,27201.41,2024-06-18 15:48:04,NetBanking,Success
971,103,8801.64,2024-05-06 00:15:50,UPI,Failed
972,145,45931.76,2024-06-26 23:31:07,Card,Success
973,140,22194.23,2024-02-09 04:57:24,UPI,Pending
974,19,3909.04,2024-09-20 17:24:14,Card,Failed
975,78,23394.09,2024-04-15 02:37:33,NetBanking,Failed
976,95,13951.25,2025-06-28 17:46:16,Card,Pending
977,163,43367.68,2025-07-06 00:00:00,Wallet,Pending
978,163,13098.06,2023-12-12 22:39:49,Card,Success
979,66,19439.33,2025-05-30 20:17:52,Wallet,Failed
980,51,15399.57,2025-05-25 10:16:25,Wallet,Failed
981,148,27062.0,2023-12-26 12:27:42,NetBanking,Pending
982,13,12714.37,2025-06-16 09:43:31,NetBanking,Success
983,171,46761.22,2025-08-26 13:57:01,Card,Success
984,157,43074.99,2024-05-12 11:13:02,UPI,Pending
985,144,26858.79,2025-09-03 03:24:43,Wallet,Pending
986,83,4093.69,2025-05-29 07:29:44,Wallet,Success
987,98,26624.12,2023-09-14 21:26:10,Wallet,Success
988,65,19850.89,2025-08-05 12:32:28,UPI,Pending
989,54,16522.12,2023-11-26 18:17:36,UPI,Success
990,33,37707.32,2025-01-24 20:13:15,NetBanking,Failed
991,4,5071.93,2024-11-15 04:39:21,Card,Pending
992,137,42713.99,2023-09-17 06:05:52,NetBanking,Pending
993,146,47557.6,2023-10-07 03:48:39,Card,Pending
994,117,22074.58,2023-12-27 03:01:26,Card,Failed
995,200,11554.21,2025-06-28 04:17:58,Card,Success
996,39,24827.04,2025-04-12 18:33:40,Card,Success
997,121,43091.67,2025-06-26 12:40:41,Wallet,Failed
998,148,34291.98,2024-01-26 01:31:14,UPI,Pending
999,187,49118.4,2025-02-19 23:52:19,Wallet,Success
1000,129,6050.71,2024-01-18 09:47:19,Card,Failed
