transaction_id,account_id,merchant_id,transaction_type,amount,transaction_date,status
1,119,37,credit,24744.81,2024-09-26 19:51:02,failed
2,41,29,credit,12622.36,2024-01-19 13:17:16,success
3,197,43,credit,34621.13,2023-10-06 08:09:41,success
4,6,18,debit,24556.84,2024-03-23 03:26:47,success
5,154,21,debit,12431.57,2024-11-11 17:39:06,failed
6,24,31,debit,49657.39,2025-07-22 12:29:58,success
7,134,1,debit,40943.03,2023-11-01 18:00:48,success
8,89,35,credit,31595.34,2025-02-15 04:49:48,failed
9,145,22,debit,40820.17,2024-08-03 15:47:02,success
10,140,43,debit,4068.29,2024-07-09 14:46:31,failed
11,5,46,debit,28190.48,2024-04-29 12:44:31,failed
12,40,43,debit,42780.18,2024-05-20 11:14:57,success
13,38,38,debit,14047.72,2024-02-08 03:29:45,failed
14,126,43,credit,20029.32,2025-03-15 19:36:16,success
15,144,19,credit,41778.31,2025-05-02 22:09:30,success
16,31,16,debit,4287.39,2024-03-25 06:17:15,failed
17,51,10,debit,30604.51,2024-09-18 15:01:27,failed
18,197,35,debit,17536.61,2024-04-10 20:28:56,failed
19,181,21,debit,31733.86,2024-04-12 01:02:15,success
20,82,20,credit,30158.02,2024-03-13 16:32:20,failed
21,67,23,credit,28092.21,2024-03-26 08:32:20,failed
22,172,7,debit,31966.07,2025-08-26 18:25:49,failed
23,113,21,credit,28803.51,2024-09-30 14:37:05,failed
24,186,42,debit,36214.29,2025-04-28 12:54:57,success
25,187,37,credit,45922.74,2024-02-15 20:13:04,failed
26,128,17,debit,37556.14,2023-09-13 02:16:24,failed
27,197,27,credit,20612.68,2024-09-30 18:26:49,failed
28,131,13,debit,44908.17,2024-03-14 17:15:48,success
29,63,7,credit,17885.59,2025-01-09 14:36:51,failed
30,91,27,debit,23284.37,2024-03-01 01:14:14,failed
31,141,20,debit,33504.29,2023-11-30 10:43:37,success
32,131,1,debit,5005.03,2025-06-21 13:37:07,failed
33,143,19,credit,15018.16,2024-11-13 18:39:13,success
34,114,44,credit,4859.18,2024-05-08 14:50:53,failed
35,17,40,debit,39049.98,2024-12-08 07:43:31,failed
36,188,35,debit,26989.0,2024-10-19 11:12:05,failed
37,173,31,credit,28393.7,2024-12-10 06:51:38,success
38,86,32,credit,49343.48,2025-06-23 16:44:21,success
39,57,26,debit,15836.74,2025-02-23 12:48:54,failed
40,84,13,credit,49157.3,2024-05-29 17:56:38,failed
41,13,28,debit,18882.97,2025-06-03 08:34:43,failed
42,200,45,debit,41309.25,2023-11-19 01:52:51,failed
43,89,2,debit,40407.91,2024-10-25 11:44:27,success
44,95,15,debit,2712.44,2024-12-12 06:15:22,success
45,131,31,debit,46386.1,2024-02-13 11:03:45,failed
46,58,49,debit,21565.67,2024-01-31 18:08:28,failed
47,165,3,debit,18345.89,2023-11-25 07:36:24,failed
48,2,44,debit,12765.81,2024-08-13 17:34:41,success
49,52,12,credit,1245.29,2025-05-09 07:57:23,failed
50,135,29,credit,10684.79,2024-11-17 09:58:31,failed
51,106,26,debit,19590.25,2024-01-17 04:57:13,success
52,22,6,debit,47575.82,2024-01-16 06:50:01,failed
53,27,34,debit,2598.06,2024-10-11 22:06:42,failed
54,27,23,credit,49157.4,2025-02-15 19:52:07,success
55,140,47,debit,28407.52,2024-03-25 04:02:51,success
56,162,3,debit,16040.38,2023-12-05 04:23:48,failed
57,88,13,credit,33264.12,2024-01-23 18:48:00,success
58,85,32,credit,27940.77,2024-10-27 00:19:06,failed
59,148,21,debit,2003.51,2025-05-02 16:19:05,success
60,4,7,credit,29353.36,2024-10-09 15:37:03,success
61,197,46,credit,49945.73,2024-05-24 09:31:37,failed
62,159,8,debit,42208.76,2024-08-20 01:25:04,failed
63,72,25,debit,28170.36,2024-12-22 22:24:29,success
64,86,6,debit,37052.43,2023-09-19 18:09:44,failed
65,105,42,credit,6550.82,2025-03-06 04:46:20,success
66,64,42,credit,927.63,2023-10-09 19:03:17,failed
67,23,31,credit,24680.26,2024-02-06 05:51:25,failed
68,123,45,debit,28185.07,2024-05-19 12:27:41,failed
69,109,20,debit,19191.35,2025-08-14 22:09:21,failed
70,98,14,debit,13314.93,2024-02-07 00:10:51,success
71,165,26,debit,41823.8,2024-10-03 06:25:50,success
72,79,32,credit,7253.19,2024-02-29 22:53:30,failed
73,124,3,credit,9497.22,2025-06-07 23:46:50,failed
74,133,40,credit,8256.04,2024-05-10 01:07:34,failed
75,21,28,debit,29150.39,2025-07-02 07:40:19,failed
76,28,23,debit,2096.09,2023-09-12 19:22:24,success
77,142,37,credit,14279.16,2025-07-22 11:13:07,failed
78,117,15,credit,32891.24,2025-07-16 19:19:50,failed
79,28,23,debit,4333.51,2023-12-03 08:52:28,failed
80,75,49,credit,36935.48,2024-10-07 15:18:49,failed
81,46,45,credit,7251.6,2024-06-08 23:56:17,failed
82,10,27,credit,35339.9,2025-06-30 01:03:28,success
83,75,22,debit,22571.91,2025-07-20 06:52:33,success
84,22,10,credit,44275.79,2024-12-10 20:46:07,failed
85,97,23,debit,1495.04,2023-11-23 02:48:39,success
86,121,38,debit,38124.96,2024-06-26 18:44:53,success
87,148,19,credit,48905.23,2024-03-11 10:32:51,failed
88,21,21,debit,39919.38,2024-12-30 21:20:16,failed
89,8,5,debit,10815.72,2024-07-18 08:54:24,success
90,138,37,debit,37012.72,2024-01-08 11:46:30,failed
91,44,4,credit,15825.88,2025-07-08 09:51:17,success
92,9,37,credit,17006.16,2025-07-03 19:35:56,failed
93,178,5,debit,49510.09,2024-06-08 16:32:43,success
94,149,34,credit,19079.39,2024-11-06 20:24:28,success
95,94,18,credit,12890.76,2023-11-22 19:27:08,success
96,125,1,credit,6885.21,2025-08-07 17:52:18,success
97,40,3,debit,25712.04,2025-08-03 06:46:00,failed
98,156,35,credit,27300.03,2024-07-29 13:40:03,success
99,2,11,debit,19998.6,2024-07-25 10:14:39,failed
100,114,35,credit,4031.85,2024-11-19 14:56:38,success
101,187,38,debit,23336.47,2024-08-11 10:35:10,failed
102,118,34,debit,5624.54,2024-02-03 17:10:13,success
103,157,23,credit,39181.99,2024-04-06 06:56:06,success
104,193,45,debit,4133.44,2024-05-21 17:18:23,success
105,175,6,debit,34772.65,2023-11-21 16:31:29,success
106,156,49,debit,36921.87,2023-10-27 23:05:05,failed
107,85,12,debit,16305.44,2023-09-16 00:43:19,failed
108,179,41,credit,42327.45,2024-06-27 05:53:25,success
109,69,36,credit,5171.59,2024-05-23 13:23:12,success
110,190,35,credit,16452.06,2024-02-11 06:17:00,failed
111,130,19,debit,20568.73,2025-05-02 18:44:49,success
112,104,47,debit,27350.15,2024-07-18 17:57:08,success
113,180,32,credit,17552.8,2024-06-14 15:30:36,failed
114,181,16,debit,35177.13,2025-01-27 21:40:49,failed
115,6,13,credit,21012.23,2025-07-03 21:45:19,failed
116,26,41,credit,11363.9,2024-02-05 00:21:17,failed
117,111,26,debit,31241.02,2024-07-09 04:20:13,failed
118,42,21,debit,9503.51,2025-07-08 09:11:40,failed
119,131,26,credit,7174.94,2024-09-03 01:49:53,success
120,27,37,debit,28966.66,2024-04-07 20:17:27,success
121,167,28,debit,5473.25,2025-01-05 15:07:07,failed
122,94,7,credit,45344.48,2024-05-25 04:33:51,success
123,96,36,credit,22641.91,2024-09-21 02:16:35,success
124,114,37,credit,4638.94,2025-02-09 11:24:26,failed
125,33,25,debit,37722.65,2024-05-03 16:45:42,failed
126,6,35,debit,11576.61,2024-09-29 04:17:04,success
127,19,46,debit,102.37,2024-05-28 21:03:07,success
128,12,4,credit,3034.24,2025-05-12 21:18:48,failed
129,20,37,credit,31089.35,2023-11-11 13:39:21,failed
130,128,43,credit,37760.94,2024-09-05 06:14:14,failed
131,36,16,credit,44942.44,2024-05-14 09:25:44,success
132,149,27,credit,18146.23,2025-04-23 13:07:09,failed
133,140,9,debit,40790.53,2024-09-12 12:14:51,failed
134,101,42,credit,34398.06,2024-04-28 07:18:54,success
135,172,27,debit,11929.14,2024-04-21 03:10:03,success
136,187,32,credit,40869.42,2025-06-19 02:50:36,failed
137,89,24,credit,7118.02,2023-09-12 07:48:09,success
138,140,2,debit,3030.84,2025-01-17 19:17:16,failed
139,42,37,credit,18450.75,2024-01-23 05:51:44,failed
140,65,4,credit,488.46,2025-04-25 14:19:36,failed
141,85,45,debit,24108.4,2025-02-24 09:27:27,failed
142,76,23,debit,26461.66,2023-11-16 23:07:12,success
143,136,1,debit,27649.97,2024-01-26 22:31:57,success
144,151,34,debit,30934.91,2025-04-14 01:59:31,success
145,105,50,credit,45857.08,2024-11-03 06:32:47,failed
146,159,45,debit,43653.41,2024-06-11 01:41:46,failed
147,110,46,debit,14519.87,2025-08-07 14:29:12,failed
148,154,41,credit,22991.53,2024-12-26 18:53:41,success
149,180,38,credit,8106.51,2024-03-31 09:57:46,failed
150,76,3,debit,13730.58,2024-12-26 21:52:07,success
151,101,4,credit,16283.09,2024-10-30 18:40:02,failed
152,70,33,credit,11025.98,2024-09-07 23:43:04,failed
153,60,45,credit,13905.92,2025-03-21 03:26:29,success
154,182,48,debit,41682.39,2025-06-03 21:26:44,failed
155,84,15,debit,19965.19,2023-10-09 11:17:06,failed
156,119,38,credit,5631.76,2023-12-02 10:16:42,success
157,91,11,credit,10115.92,2024-03-24 09:54:28,failed
158,128,26,credit,14040.87,2023-12-14 11:49:46,failed
159,12,30,credit,23987.15,2024-12-17 01:41:26,success
160,68,34,credit,5997.72,2023-12-28 17:36:45,failed
161,83,6,debit,35820.13,2025-03-14 09:21:21,failed
162,106,14,credit,26824.99,2024-12-19 22:44:32,success
163,124,26,credit,8355.51,2025-02-02 03:43:34,failed
164,74,7,credit,37206.58,2025-09-05 03:00:48,failed
165,21,16,debit,29089.34,2025-03-10 05:10:24,failed
166,150,9,debit,31119.92,2025-02-28 08:13:41,failed
167,34,43,credit,23434.15,2024-05-10 03:44:23,failed
168,36,1,credit,41577.41,2025-02-06 02:24:58,failed
169,147,36,credit,9849.59,2025-08-23 17:14:52,success
170,152,4,debit,30956.4,2025-04-11 23:33:46,failed
171,142,30,debit,45210.16,2024-08-31 22:36:23,success
172,107,19,debit,10717.71,2024-06-27 00:00:08,failed
173,82,38,debit,21570.49,2023-11-30 17:55:45,failed
174,152,33,debit,22786.78,2024-11-15 15:57:07,failed
175,116,29,debit,14956.77,2024-09-24 16:04:28,failed
176,78,44,debit,48603.39,2023-12-04 01:26:27,failed
177,28,22,debit,33732.46,2023-09-13 09:58:16,failed
178,41,47,credit,2137.73,2024-08-24 06:09:23,failed
179,98,14,credit,41504.46,2025-03-20 14:06:08,failed
180,78,18,credit,966.41,2024-12-11 04:52:14,failed
181,21,27,credit,2647.96,2024-05-07 02:46:15,success
182,2,13,credit,18905.65,2023-10-15 07:40:28,failed
183,99,47,credit,1375.77,2024-01-17 13:31:10,failed
184,115,31,debit,15571.96,2024-06-16 15:35:08,failed
185,144,19,credit,22637.6,2024-04-18 17:45:59,success
186,24,45,debit,24776.97,2025-01-24 16:24:32,success
187,66,28,credit,31884.32,2024-02-18 13:26:26,failed
188,69,27,debit,40033.86,2024-12-24 10:11:11,success
189,51,35,debit,37843.22,2024-03-06 11:03:32,success
190,160,12,debit,41103.5,2025-04-04 13:50:00,failed
191,22,5,credit,13717.45,2025-06-16 09:16:43,failed
192,149,17,debit,12815.09,2025-05-13 11:25:26,failed
193,176,18,debit,41066.32,2025-01-16 21:12:15,success
194,105,6,credit,7301.04,2023-12-07 06:24:49,success
195,136,46,debit,24091.7,2024-02-07 18:09:14,failed
196,137,17,debit,27470.46,2024-03-01 18:34:35,success
197,175,13,credit,49184.22,2024-01-05 23:09:42,failed
198,45,31,credit,30128.7,2025-02-06 10:41:54,success
199,18,34,debit,39524.79,2024-06-20 07:14:47,success
200,61,30,debit,5552.28,2024-11-28 02:34:00,failed
201,1,1,debit,30529.9,2023-11-10 20:46:19,success
202,195,28,credit,22278.18,2025-07-15 10:47:43,failed
203,36,31,debit,47473.6,2024-08-06 09:26:38,success
204,135,15,debit,8392.0,2025-01-31 12:00:49,failed
205,80,8,credit,43851.18,2023-11-21 08:14:12,failed
206,143,13,credit,1400.89,2025-01-04 13:49:34,failed
207,49,11,credit,16436.52,2023-12-30 05:45:44,success
208,22,10,debit,27753.17,2024-06-06 15:17:10,success
209,85,3,debit,44762.97,2023-12-22 01:00:07,failed
210,10,29,credit,9034.36,2025-08-16 03:51:31,success
211,133,18,credit,30541.39,2024-02-11 18:13:29,failed
212,21,47,debit,14926.74,2025-01-27 15:14:51,failed
213,75,22,credit,8123.58,2024-07-05 02:58:53,failed
214,198,49,credit,45678.14,2025-04-18 02:48:59,failed
215,18,44,credit,6921.54,2024-05-13 12:03:04,success
216,56,2,credit,23803.57,2025-07-16 07:21:36,failed
217,14,24,debit,47117.88,2025-02-01 04:59:51,success
218,107,15,credit,33913.04,2024-01-27 20:04:06,failed
219,149,33,credit,15845.42,2025-05-10 00:32:27,failed
220,86,32,debit,6294.26,2025-07-31 20:51:28,success
221,199,25,debit,5938.65,2024-05-03 11:38:00,failed
222,9,2,debit,1231.3,2024-05-11 00:50:10,success
223,46,17,credit,4278.21,2023-12-21 05:33:46,failed
224,151,39,credit,36924.35,2025-04-10 17:12:59,success
225,137,31,debit,45517.07,2024-04-05 00:30:14,failed
226,117,5,credit,1610.47,2024-02-24 12:10:56,success
227,49,19,debit,27380.64,2025-02-05 01:58:37,failed
228,45,36,debit,34874.13,2024-04-21 23:12:35,failed
229,75,30,debit,12741.84,2024-03-10 23:45:34,success
230,178,29,credit,29938.9,2024-08-28 13:45:21,failed
231,175,25,debit,16823.46,2025-02-07 16:36:28,failed
232,77,36,debit,25273.17,2025-01-27 03:29:11,failed
233,156,10,debit,6098.02,2025-05-07 12:40:47,failed
234,9,8,credit,47748.71,2025-06-30 18:58:59,failed
235,3,27,credit,31290.07,2023-10-18 12:17:07,failed
236,117,26,credit,36223.94,2025-04-19 19:45:50,success
237,13,50,credit,45968.82,2024-12-25 01:02:18,failed
238,94,13,credit,15638.61,2024-04-05 22:57:48,success
239,186,38,credit,48425.88,2025-08-24 23:13:39,failed
240,197,46,debit,26847.01,2024-03-31 15:15:13,success
241,143,47,debit,43158.84,2024-03-23 01:27:45,success
242,134,6,debit,26265.16,2024-03-25 20:41:33,failed
243,100,30,debit,1143.33,2024-02-04 07:20:41,failed
244,171,27,debit,12786.39,2023-09-17 00:21:34,failed
245,1,44,credit,49414.48,2024-11-07 01:55:55,failed
246,73,33,debit,9370.75,2025-02-15 02:21:02,failed
247,41,18,credit,27986.52,2024-01-21 23:03:29,success
248,48,15,debit,11108.82,2023-12-21 20:08:48,failed
249,36,30,credit,16253.72,2024-01-20 06:04:47,failed
250,23,2,credit,29837.74,2025-07-31 06:36:56,failed
251,152,49,credit,24904.08,2025-04-20 17:22:50,success
252,137,47,credit,49112.79,2023-12-13 05:24:10,failed
253,123,10,debit,35685.38,2025-08-04 21:08:23,failed
254,15,32,debit,48349.09,2023-12-05 10:09:35,success
255,26,4,debit,33617.2,2024-10-22 11:29:54,success
256,47,8,debit,505.23,2023-09-29 09:49:50,success
257,152,3,credit,15799.36,2024-05-08 07:37:00,success
258,80,30,debit,46630.4,2024-01-25 02:17:35,failed
259,124,32,credit,37159.04,2024-08-05 10:14:11,failed
260,66,31,credit,5881.56,2023-11-15 04:30:45,success
261,23,21,credit,34512.1,2025-01-18 19:18:40,success
262,21,45,credit,9467.09,2024-04-30 12:07:48,success
263,183,12,debit,14443.76,2025-07-16 06:25:34,success
264,199,31,credit,44446.95,2025-06-15 22:46:13,success
265,104,43,debit,6435.27,2025-01-23 02:44:40,failed
266,114,34,credit,8974.3,2025-09-01 05:52:56,success
267,73,13,credit,24174.18,2024-07-03 16:21:23,success
268,152,6,debit,13006.3,2025-06-29 06:19:49,success
269,38,27,credit,4375.19,2025-07-21 10:31:50,failed
270,182,8,credit,5237.58,2025-08-15 08:05:13,failed
271,123,9,credit,37094.37,2025-01-22 11:11:34,success
272,105,3,debit,24304.61,2025-08-13 15:37:39,failed
273,80,32,credit,24208.65,2025-05-16 14:04:56,success
274,10,32,credit,44189.24,2025-08-23 21:23:46,failed
275,196,5,credit,3509.74,2023-09-13 13:27:52,success
276,30,28,debit,10184.09,2025-01-11 01:42:14,success
277,139,16,debit,15483.58,2025-06-07 23:41:48,failed
278,121,22,debit,20487.01,2025-07-17 17:01:31,success
279,67,2,debit,16387.97,2023-11-07 21:50:53,failed
280,107,30,credit,30055.81,2025-04-30 14:29:02,success
281,168,45,debit,26542.7,2024-02-01 02:11:44,success
282,12,29,credit,13964.21,2025-06-14 15:42:25,failed
283,107,33,credit,37618.84,2024-10-13 13:42:25,failed
284,193,22,debit,8892.22,2025-02-06 13:28:33,failed
285,196,37,debit,20788.4,2025-03-11 05:27:08,failed
286,69,38,debit,26333.85,2025-06-20 06:41:33,failed
287,181,4,debit,993.13,2024-03-27 15:09:50,success
288,88,18,debit,9520.6,2023-09-14 00:42:27,failed
289,184,38,debit,20251.5,2025-07-23 23:54:42,failed
290,163,30,credit,39625.13,2023-12-29 12:27:00,failed
291,37,9,debit,10650.73,2024-10-22 06:49:03,failed
292,13,31,credit,42277.42,2024-05-25 19:55:34,failed
293,59,41,credit,9699.64,2024-10-21 10:36:57,success
294,122,5,debit,17845.94,2024-10-26 05:28:43,failed
295,189,8,debit,41929.84,2024-04-01 03:27:24,failed
296,10,14,credit,13418.13,2023-10-05 23:29:21,success
297,152,13,credit,14403.53,2025-02-15 11:57:56,failed
298,187,27,debit,33000.87,2024-11-04 23:34:57,failed
299,43,21,credit,23050.16,2024-09-18 08:09:42,success
300,51,15,credit,23832.3,2025-04-27 20:35:02,success
301,80,35,credit,6409.84,2024-04-11 07:06:53,failed
302,116,21,debit,31458.5,2024-10-13 06:59:28,success
303,200,43,debit,41665.54,2024-10-27 08:14:34,failed
304,98,19,debit,46517.43,2024-04-29 14:15:32,success
305,93,36,credit,44724.7,2023-10-22 00:25:05,success
306,9,47,debit,44939.5,2024-07-25 13:49:10,failed
307,172,15,credit,23076.35,2024-07-25 13:49:48,success
308,67,35,debit,25863.31,2025-06-22 04:25:27,success
309,114,42,credit,25625.88,2024-05-24 20:08:34,failed
310,34,14,credit,16890.97,2024-12-03 19:54:12,success
311,27,48,credit,2745.5,2024-10-18 23:33:32,success
312,173,5,debit,10173.05,2025-08-27 10:58:08,failed
313,40,5,credit,11524.48,2024-04-03 10:03:30,failed
314,129,11,debit,5682.47,2025-05-21 04:19:47,failed
315,93,3,credit,47850.83,2024-09-30 02:12:35,failed
316,42,6,credit,5510.02,2024-11-21 09:21:20,failed
317,118,32,credit,19455.0,2024-11-18 14:18:36,failed
318,59,5,debit,36327.39,2024-06-28 07:56:52,failed
319,62,29,credit,26545.95,2025-06-03 21:46:01,success
320,4,14,credit,21748.16,2025-09-06 15:21:02,failed
321,191,30,debit,3843.86,2024-09-10 09:37:07,failed
322,119,20,debit,8297.58,2025-02-18 05:30:55,success
323,131,31,debit,37187.61,2024-07-29 14:29:15,success
324,128,1,debit,5934.26,2024-06-09 12:18:37,failed
325,13,14,debit,24742.64,2025-01-09 01:10:24,failed
326,48,23,credit,29602.6,2024-08-23 00:15:17,success
327,46,10,debit,25197.83,2025-05-01 06:18:11,success
328,125,7,debit,12490.54,2024-12-01 20:57:54,success
329,165,7,credit,25480.13,2025-03-05 11:59:11,failed
330,42,36,credit,12581.34,2025-05-25 06:51:30,success
331,196,46,credit,28817.18,2025-05-18 04:28:50,success
332,107,2,credit,16949.81,2025-03-29 04:25:47,success
333,10,45,debit,19859.67,2023-10-05 22:06:09,failed
334,65,22,credit,18231.77,2024-03-22 07:31:29,failed
335,32,42,credit,43588.68,2024-12-26 08:08:04,success
336,80,39,debit,9250.68,2025-04-12 12:56:37,failed
337,168,4,credit,38927.59,2025-01-05 07:40:25,success
338,133,8,credit,14070.64,2024-04-25 09:32:08,failed
339,95,37,credit,3122.1,2023-12-16 02:43:02,success
340,16,24,debit,1873.14,2025-06-18 18:03:47,success
341,112,46,credit,13362.28,2023-11-19 22:07:01,success
342,54,13,debit,2376.45,2024-08-25 16:39:08,failed
343,174,18,credit,48710.51,2024-09-28 19:51:22,failed
344,65,30,credit,42492.98,2024-09-05 14:01:33,success
345,95,29,debit,43746.05,2024-10-24 22:39:51,success
346,44,44,credit,29333.44,2024-02-16 16:33:11,failed
347,149,50,debit,49415.11,2024-03-21 16:55:56,success
348,74,1,credit,12913.56,2024-09-22 09:21:13,failed
349,50,13,credit,23928.79,2023-12-24 17:46:32,failed
350,67,22,credit,39803.6,2023-10-13 02:31:42,failed
351,60,7,debit,43610.92,2024-04-04 17:20:52,success
352,178,11,credit,40090.37,2023-09-12 05:11:28,failed
353,22,12,credit,23344.39,2023-11-02 16:22:23,failed
354,73,41,credit,4411.09,2024-10-18 19:08:44,failed
355,106,43,debit,43614.82,2025-03-24 08:51:38,failed
356,60,43,debit,38604.95,2024-09-06 19:12:44,failed
357,119,43,credit,13798.29,2025-07-04 08:39:00,failed
358,34,6,credit,22092.48,2023-12-09 14:37:49,success
359,198,49,credit,42348.29,2024-05-06 17:48:03,success
360,179,50,credit,15033.45,2025-07-08 23:16:09,success
361,4,6,credit,5535.72,2024-08-31 22:13:04,success
362,185,2,credit,13634.33,2024-12-19 06:22:38,success
363,6,32,credit,23263.54,2023-09-15 14:36:09,failed
364,186,46,debit,300.39,2023-12-28 00:14:52,success
365,36,37,credit,1074.79,2025-01-06 02:14:21,success
366,190,35,credit,7473.13,2025-08-27 23:22:31,failed
367,171,13,debit,25151.84,2024-05-22 20:26:58,failed
368,38,13,credit,29779.08,2025-09-04 15:43:42,success
369,19,30,credit,10360.77,2023-09-11 14:07:49,success
370,103,25,credit,19066.41,2025-03-25 18:30:27,success
371,68,9,credit,5590.84,2025-05-06 06:03:19,success
372,33,5,credit,31256.91,2024-07-20 19:28:59,success
373,79,20,credit,20976.46,2025-08-17 00:27:02,failed
374,39,12,credit,46725.4,2023-12-13 19:49:54,success
375,36,16,credit,18721.24,2024-08-28 00:38:33,failed
376,94,16,debit,39937.8,2023-11-28 15:00:34,failed
377,183,15,credit,40452.3,2025-06-26 23:15:35,success
378,181,29,debit,16482.16,2024-11-25 22:11:11,failed
379,147,25,credit,248.15,2025-09-10 12:35:25,success
380,30,33,debit,20641.13,2023-11-10 15:29:18,failed
381,30,33,debit,7047.94,2025-03-08 04:16:05,success
382,16,26,debit,48136.16,2025-01-19 10:18:37,success
383,99,47,debit,20598.89,2024-07-22 16:12:00,failed
384,26,28,debit,35234.8,2024-12-20 17:22:06,failed
385,146,7,debit,32749.37,2025-02-12 03:55:22,failed
386,159,33,credit,49102.31,2024-03-02 11:30:49,failed
387,20,3,credit,28375.24,2025-01-12 12:00:47,success
388,169,24,debit,45754.58,2025-01-04 17:48:45,success
389,86,28,credit,34895.67,2023-11-07 11:01:58,success
390,77,37,credit,40177.06,2024-06-22 00:37:32,success
391,86,37,debit,16454.3,2025-08-16 16:18:05,success
392,124,17,credit,2471.01,2023-12-31 18:25:48,success
393,73,39,debit,1053.91,2024-11-07 20:30:05,failed
394,143,37,credit,14516.34,2025-07-28 18:38:02,failed
395,124,32,credit,23819.18,2024-11-25 09:47:51,failed
396,11,30,credit,1130.51,2024-03-29 00:59:34,success
397,96,25,credit,11094.65,2023-09-12 21:42:07,failed
398,195,23,debit,27086.84,2024-03-10 21:55:47,success
399,114,44,debit,21988.54,2024-03-10 14:44:16,failed
400,158,39,credit,48235.39,2023-10-03 16:33:22,failed
401,131,9,credit,22761.0,2025-03-02 02:20:42,success
402,76,48,debit,23709.77,2024-08-15 13:22:13,failed
403,120,23,debit,15434.49,2025-08-23 14:53:58,success
404,34,8,debit,40631.75,2024-09-16 02:52:46,success
405,112,34,credit,36008.93,2025-03-27 03:46:55,failed
406,15,26,debit,4888.91,2024-11-20 15:08:54,success
407,53,37,credit,22966.13,2024-09-22 11:53:48,success
408,178,18,debit,30256.95,2025-01-30 07:41:35,failed
409,181,29,credit,7221.6,2024-07-31 00:39:37,success
410,72,25,credit,29073.11,2025-02-01 21:17:15,failed
411,199,14,credit,39145.26,2024-10-30 01:10:07,success
412,43,5,credit,17775.74,2025-08-09 17:23:30,failed
413,80,36,debit,48960.2,2023-11-25 20:47:43,failed
414,79,20,credit,23388.91,2024-02-25 22:00:42,success
415,200,5,credit,22758.35,2024-10-20 19:06:37,failed
416,35,20,credit,15267.72,2024-04-21 07:17:13,failed
417,118,45,credit,28379.38,2024-01-21 09:41:23,success
418,74,46,credit,598.45,2024-06-19 19:06:30,failed
419,1,13,debit,33327.8,2024-09-21 10:54:40,failed
420,165,43,credit,20488.39,2024-06-11 11:44:24,failed
421,130,44,debit,33618.94,2024-07-31 10:57:59,failed
422,169,32,credit,6020.66,2025-04-04 23:28:49,failed
423,62,49,debit,32294.3,2024-10-06 08:58:16,failed
424,62,14,debit,27377.84,2024-06-28 10:11:42,failed
425,35,16,credit,32073.29,2025-02-15 22:48:25,success
426,36,15,debit,12197.91,2025-01-24 11:41:05,success
427,46,35,debit,767.98,2024-10-21 22:40:42,failed
428,149,46,credit,709.85,2024-01-02 17:41:55,success
429,134,25,debit,46739.13,2024-10-13 09:55:39,failed
430,112,38,credit,44974.62,2024-02-10 20:32:07,success
431,49,35,credit,37148.81,2024-08-06 00:02:41,failed
432,74,15,credit,28667.57,2024-11-10 18:40:05,failed
433,94,1,credit,43335.5,2024-05-26 08:07:59,failed
434,126,28,credit,7794.73,2025-06-15 06:40:29,failed
435,185,43,debit,32917.49,2024-02-17 20:45:47,failed
436,8,27,credit,15354.41,2023-09-24 15:38:31,failed
437,198,25,credit,513.61,2024-01-07 20:52:23,success
438,25,22,debit,32856.1,2024-08-23 13:52:57,failed
439,100,34,debit,1560.55,2024-03-08 22:21:06,failed
440,80,50,debit,22661.13,2024-04-05 10:58:18,failed
441,108,38,credit,49068.14,2025-01-12 21:06:16,success
442,141,19,credit,27963.41,2024-10-04 08:41:38,success
443,145,1,credit,18318.13,2024-04-26 19:08:23,failed
444,200,21,debit,42738.4,2025-02-16 10:01:43,success
445,132,26,debit,7559.05,2024-04-11 07:50:58,success
446,82,35,debit,37731.43,2024-10-24 10:17:38,success
447,52,28,debit,2208.81,2024-09-30 23:48:59,success
448,194,25,credit,36860.59,2025-02-25 03:03:22,failed
449,100,1,debit,20581.49,2024-11-30 23:23:22,success
450,25,12,debit,33659.58,2024-05-25 10:56:45,success
451,166,19,credit,32214.45,2025-02-02 18:13:22,failed
452,97,39,credit,29701.91,2025-04-03 16:26:10,success
453,194,5,credit,21512.69,2023-12-03 18:45:30,success
454,169,33,credit,39201.37,2025-03-28 03:42:08,success
455,4,26,credit,16201.06,2025-05-18 21:24:41,success
456,16,10,debit,9576.98,2024-08-10 17:51:23,success
457,94,18,credit,10253.33,2025-09-05 06:03:37,failed
458,182,41,credit,40026.72,2023-12-18 06:29:16,failed
459,42,6,debit,46875.33,2023-12-23 23:46:22,success
460,146,39,debit,30704.75,2025-06-19 08:28:59,failed
461,85,45,debit,40614.02,2024-10-15 23:11:01,success
462,84,42,debit,40689.15,2025-02-13 11:08:34,failed
463,109,5,credit,16066.18,2025-08-14 16:19:35,failed
464,104,8,debit,46626.51,2025-06-01 13:23:28,success
465,115,30,credit,34578.77,2025-05-09 20:53:29,failed
466,49,3,debit,44152.19,2024-12-05 08:38:53,failed
467,44,45,credit,27168.49,2025-07-02 21:40:49,success
468,28,21,credit,11759.76,2024-08-07 08:17:00,failed
469,54,1,credit,39737.62,2024-09-03 16:58:27,failed
470,177,14,debit,32846.32,2025-07-18 20:18:03,failed
471,124,23,credit,25155.45,2024-11-04 00:08:43,success
472,88,18,debit,41439.71,2024-07-04 22:24:40,success
473,186,37,credit,24269.36,2023-09-25 21:20:26,failed
474,67,3,debit,6258.38,2024-02-18 11:52:42,failed
475,174,44,credit,25863.41,2024-01-27 19:36:04,failed
476,45,21,debit,40373.47,2024-07-17 21:52:00,failed
477,69,40,credit,46628.85,2023-10-01 02:41:33,success
478,80,35,credit,38176.75,2024-09-22 16:42:06,success
479,13,38,credit,41019.94,2024-12-12 09:55:55,failed
480,14,42,credit,4677.51,2024-03-09 01:27:06,success
481,99,26,debit,31089.62,2025-07-11 23:04:59,failed
482,76,35,debit,21046.01,2024-09-02 12:20:46,failed
483,192,1,credit,37966.15,2024-07-04 02:18:27,failed
484,22,22,credit,34876.19,2024-01-07 19:14:32,success
485,1,9,credit,22326.6,2023-10-25 09:33:27,failed
486,29,49,credit,48772.22,2025-06-14 23:25:39,failed
487,117,13,debit,37996.35,2025-01-22 01:37:44,success
488,9,18,debit,2117.68,2025-06-05 18:22:39,failed
489,27,49,debit,40476.02,2024-06-30 15:05:25,failed
490,126,32,credit,47268.46,2023-10-28 23:36:00,success
491,199,19,debit,33066.85,2024-03-10 21:05:39,success
492,176,22,credit,21111.62,2024-08-24 22:43:06,failed
493,61,19,debit,35675.71,2024-03-28 05:48:44,failed
494,141,40,credit,46290.38,2023-09-17 09:22:19,success
495,121,35,debit,16488.66,2025-03-20 08:22:50,failed
496,98,5,debit,15325.19,2023-10-16 15:03:55,failed
497,138,38,credit,5372.07,2025-04-17 17:18:03,success
498,8,26,credit,36908.85,2025-07-18 12:57:02,success
499,74,45,debit,37550.9,2024-07-11 11:35:27,failed
500,13,38,credit,36113.34,2025-06-01 21:05:42,failed
501,23,16,debit,19738.79,2024-10-08 08:53:29,failed
502,32,35,credit,25563.46,2025-04-02 06:09:35,failed
503,23,10,debit,21639.74,2025-09-01 10:52:21,success
504,81,39,credit,13549.4,2024-01-12 11:13:21,success
505,160,9,debit,23351.4,2024-07-19 07:33:23,success
506,118,48,debit,41434.12,2025-08-08 20:54:26,success
507,51,2,credit,20794.73,2024-05-08 22:17:57,success
508,112,8,debit,42262.9,2023-09-11 18:39:33,success
509,117,25,credit,26290.07,2024-10-11 17:24:02,success
510,1,27,debit,49329.71,2024-03-30 20:42:49,failed
511,78,41,debit,31253.87,2024-09-27 00:32:04,failed
512,112,47,credit,7411.27,2024-01-18 02:09:58,success
513,96,43,credit,13053.32,2025-02-08 16:43:46,success
514,132,11,credit,3652.46,2025-01-16 08:44:11,success
515,9,33,credit,28659.43,2023-12-16 13:06:32,failed
516,50,39,credit,45969.53,2025-07-24 13:23:36,success
517,118,28,credit,38591.22,2024-08-21 02:26:42,success
518,151,10,debit,25767.8,2024-10-21 12:03:32,failed
519,8,42,credit,41513.81,2024-09-16 14:36:33,success
520,138,26,debit,48757.58,2025-07-13 02:52:34,failed
521,86,41,debit,41804.06,2024-09-11 18:14:04,failed
522,85,20,credit,18924.12,2024-12-05 06:49:15,success
523,64,34,debit,29939.94,2025-03-17 13:54:53,failed
524,96,11,credit,49632.22,2025-05-12 17:36:01,failed
525,150,46,credit,6186.97,2025-02-09 13:56:18,failed
526,88,49,credit,37977.63,2024-10-08 18:20:50,success
527,74,4,debit,33968.17,2024-02-20 01:50:18,failed
528,116,15,debit,31953.56,2024-09-13 00:10:37,success
529,23,35,debit,22371.97,2024-08-02 17:10:45,failed
530,95,31,debit,44635.9,2024-09-03 21:00:49,failed
531,20,25,debit,44648.1,2023-10-17 17:15:11,success
532,146,26,credit,1554.46,2024-03-24 07:52:32,success
533,25,11,debit,49918.13,2025-04-24 12:31:26,failed
534,149,29,credit,6359.88,2024-02-28 18:10:59,success
535,122,35,debit,25830.54,2025-08-04 15:13:55,failed
536,157,7,debit,31020.97,2025-01-11 19:19:04,failed
537,103,40,debit,12423.03,2025-06-21 18:43:35,failed
538,128,31,credit,15779.84,2024-10-31 08:21:00,failed
539,57,2,credit,18149.67,2024-06-18 02:59:52,failed
540,64,17,debit,28890.5,2025-04-07 13:01:58,failed
541,47,13,debit,31141.71,2025-08-20 10:40:07,failed
542,64,26,debit,13400.51,2024-03-06 03:18:30,success
543,25,13,credit,40096.49,2023-12-05 11:06:12,failed
544,65,26,debit,38736.15,2025-03-08 19:58:30,failed
545,20,5,credit,1664.72,2025-04-20 18:33:44,failed
546,164,43,credit,18037.33,2024-05-28 19:05:59,success
547,112,23,debit,8594.22,2024-04-02 12:56:35,success
548,93,50,credit,28796.62,2025-07-20 22:36:31,failed
549,32,27,credit,18338.02,2023-11-06 17:44:42,failed
550,107,5,debit,33286.51,2023-10-17 01:52:50,failed
551,129,44,debit,23430.96,2025-05-15 13:13:06,failed
552,45,47,debit,25370.58,2023-12-22 23:19:57,failed
553,178,13,credit,25651.52,2024-01-02 17:53:53,failed
554,187,43,debit,38683.17,2024-10-12 09:34:55,failed
555,141,2,debit,17068.06,2025-04-05 02:37:38,failed
556,146,8,debit,49577.33,2025-04-04 19:08:33,failed
557,54,39,credit,13761.53,2025-04-13 13:06:43,success
558,9,32,debit,1429.47,2024-09-28 19:26:48,success
559,44,6,credit,12205.6,2025-06-20 23:20:37,failed
560,38,41,debit,889.7,2025-08-23 23:41:45,success
561,90,4,debit,7119.17,2025-07-03 08:11:17,failed
562,146,29,credit,49471.81,2024-08-17 17:23:24,failed
563,29,45,credit,16268.98,2023-12-14 06:31:52,success
564,35,3,debit,18137.35,2024-07-13 22:55:31,failed
565,35,11,debit,49869.1,2023-09-29 16:14:05,success
566,29,12,credit,4347.49,2023-12-03 20:01:18,failed
567,98,10,credit,18776.63,2024-12-29 23:39:23,failed
568,51,4,debit,26489.15,2025-01-20 02:57:20,failed
569,85,44,credit,32035.91,2025-05-17 15:36:39,failed
570,107,22,credit,47356.05,2024-04-27 11:00:02,failed
571,17,49,credit,10776.17,2024-04-11 09:44:29,failed
572,95,26,debit,10726.66,2024-04-06 03:52:40,failed
573,29,17,debit,30974.5,2024-05-10 22:53:39,success
574,181,7,credit,20393.62,2024-04-13 21:11:49,success
575,93,14,debit,18705.99,2024-04-08 03:16:40,failed
576,66,13,credit,24844.36,2025-04-22 06:22:31,success
577,118,6,credit,32110.55,2024-09-09 12:07:18,failed
578,37,38,debit,49663.16,2024-04-11 23:57:16,success
579,177,47,debit,1482.15,2024-10-31 08:37:40,success
580,102,24,debit,32869.4,2024-02-22 18:08:09,success
581,53,30,debit,1800.06,2025-04-02 17:29:14,failed
582,166,46,credit,48056.79,2024-10-30 03:23:45,failed
583,61,42,debit,35851.21,2023-09-29 09:06:22,success
584,88,8,debit,40691.4,2025-06-01 06:37:04,failed
585,82,31,credit,12269.19,2025-04-25 22:26:51,success
586,167,49,debit,16082.2,2024-02-24 17:00:56,success
587,128,12,credit,20826.76,2025-04-27 04:56:33,failed
588,11,28,debit,22748.75,2024-04-18 06:16:46,failed
589,27,18,credit,8985.62,2024-06-25 00:45:43,success
590,192,36,credit,18587.18,2024-06-08 07:43:49,success
591,120,36,credit,9855.57,2023-12-04 01:54:08,success
592,162,5,credit,32499.49,2025-01-01 15:18:41,failed
593,69,47,credit,938.88,2023-11-25 23:01:07,success
594,193,29,debit,21135.74,2025-02-23 20:23:01,failed
595,141,27,credit,19973.92,2025-04-21 16:47:54,success
596,128,37,debit,35222.74,2025-01-24 20:12:49,success
597,120,17,debit,43080.95,2023-10-04 07:27:08,success
598,108,30,credit,18639.91,2024-02-26 22:57:40,failed
599,168,7,credit,5505.45,2024-03-16 07:09:40,failed
600,52,8,debit,19590.1,2025-06-06 21:05:18,success
601,43,5,debit,15864.84,2024-07-05 08:53:16,failed
602,62,33,credit,28805.83,2024-02-19 09:02:24,success
603,126,33,debit,43083.58,2023-11-15 22:59:10,failed
604,113,6,debit,12496.41,2025-02-10 16:39:35,failed
605,51,23,debit,15832.56,2024-05-31 05:29:07,failed
606,102,14,debit,45442.21,2024-07-26 20:18:41,success
607,161,10,credit,39435.28,2024-02-14 05:47:52,failed
608,110,10,debit,33751.09,2024-01-04 13:33:58,success
609,179,7,credit,33838.87,2025-08-05 17:50:05,success
610,142,17,debit,6089.49,2025-03-29 11:48:23,failed
611,16,7,debit,15912.07,2024-07-09 10:48:49,success
612,12,4,credit,6949.6,2024-11-02 07:35:46,failed
613,177,13,credit,33310.09,2024-08-27 12:56:36,success
614,51,22,debit,38327.02,2024-01-10 03:58:13,success
615,55,10,debit,15048.04,2025-07-02 01:29:32,success
616,43,3,credit,48627.27,2025-09-10 12:31:26,success
617,172,41,debit,31079.3,2024-10-26 13:06:04,failed
618,101,31,credit,35686.47,2025-01-04 03:24:44,success
619,22,50,credit,11718.26,2025-07-09 00:56:13,failed
620,164,20,credit,21342.35,2023-09-28 03:55:49,failed
621,55,48,debit,4552.49,2025-04-17 05:08:52,success
622,75,34,credit,16905.48,2024-09-28 01:16:15,failed
623,54,7,debit,33241.68,2023-10-06 07:09:56,failed
624,82,43,debit,22140.42,2024-07-12 08:02:27,success
625,133,45,credit,15183.19,2024-05-29 03:17:41,failed
626,169,7,debit,4028.22,2025-07-14 05:46:33,failed
627,86,43,credit,37578.6,2024-02-08 08:09:32,failed
628,90,3,debit,6360.81,2024-09-16 10:44:00,failed
629,184,26,credit,8305.07,2024-12-17 23:52:17,failed
630,111,42,credit,13753.2,2024-09-01 17:57:20,failed
631,155,33,debit,1808.83,2025-07-01 09:35:56,success
632,92,43,debit,32000.4,2023-11-04 12:54:27,failed
633,68,16,debit,26862.08,2024-03-09 04:20:27,success
634,121,41,credit,7347.24,2025-03-07 12:05:10,failed
635,177,21,debit,20798.96,2024-08-25 07:59:57,success
636,98,2,debit,49369.36,2025-03-04 15:44:39,failed
637,33,47,debit,11798.82,2024-06-17 00:16:31,success
638,102,19,credit,44866.02,2025-05-27 08:35:17,failed
639,47,31,debit,24709.11,2024-02-26 04:54:36,success
640,62,10,debit,33959.53,2023-11-18 20:22:04,success
641,15,25,credit,6708.1,2024-01-24 12:55:53,success
642,39,31,debit,1265.6,2024-03-25 01:36:26,success
643,42,49,credit,24853.95,2024-03-31 08:53:15,success
644,103,8,debit,33926.09,2025-05-06 23:15:54,success
645,177,7,debit,24687.03,2025-05-09 01:25:36,success
646,75,30,credit,33601.51,2023-12-08 17:19:19,failed
647,136,32,credit,29399.07,2023-12-24 15:15:27,success
648,115,27,debit,43182.81,2024-08-17 15:31:35,success
649,86,41,debit,13160.42,2024-01-16 02:09:38,success
650,4,32,credit,34304.02,2024-03-09 19:17:01,failed
651,183,7,credit,4084.95,2023-12-06 05:17:58,failed
652,104,16,debit,47792.37,2024-12-12 22:50:59,failed
653,107,13,debit,7763.83,2025-03-22 08:46:57,success
654,55,13,credit,18405.2,2025-06-10 09:46:53,success
655,102,19,credit,31250.52,2025-01-03 10:51:48,success
656,101,27,credit,49999.92,2025-05-09 20:45:40,failed
657,4,49,debit,30878.78,2023-12-29 19:11:28,success
658,59,24,debit,25185.05,2025-08-01 09:17:23,failed
659,182,8,debit,28862.95,2024-10-11 20:05:57,failed
660,156,17,debit,28248.92,2025-08-07 06:01:59,failed
661,193,39,debit,28224.38,2025-08-11 08:32:29,failed
662,123,2,credit,40373.74,2025-03-22 23:11:35,success
663,120,12,debit,40049.5,2024-04-13 13:47:46,failed
664,152,45,credit,16643.24,2023-11-22 16:57:57,failed
665,168,9,credit,24698.64,2024-09-04 01:18:58,failed
666,52,28,credit,43584.49,2025-04-25 20:31:58,failed
667,101,7,credit,14128.59,2023-11-26 08:16:32,failed
668,169,41,debit,7039.05,2024-09-07 20:12:14,failed
669,62,42,credit,26229.32,2024-01-17 01:33:11,success
670,11,23,debit,7725.7,2024-02-05 13:59:30,failed
671,156,20,credit,20500.15,2024-08-16 09:30:30,success
672,66,50,credit,10935.46,2024-08-08 00:50:10,failed
673,143,17,debit,39025.26,2023-10-19 17:44:50,success
674,53,6,debit,18753.15,2024-01-20 18:48:24,success
675,138,49,debit,48649.05,2023-11-24 23:43:38,failed
676,145,18,debit,3152.32,2025-02-10 10:05:22,failed
677,172,20,debit,21193.78,2023-09-13 22:22:15,success
678,95,46,debit,23173.66,2023-10-28 09:36:41,failed
679,13,15,credit,32502.6,2025-01-18 11:56:10,success
680,70,49,credit,48050.2,2024-07-30 09:35:13,success
681,41,19,credit,44326.34,2023-12-07 23:35:18,failed
682,161,48,credit,19097.23,2025-01-04 13:58:18,success
683,123,26,debit,15540.81,2025-01-23 16:03:12,success
684,133,14,debit,18745.57,2025-04-29 03:08:01,success
685,125,29,debit,19797.86,2023-09-13 19:02:49,failed
686,90,8,credit,8403.18,2024-10-22 04:49:20,failed
687,71,1,credit,15764.31,2023-10-11 20:36:20,success
688,142,21,debit,33292.24,2023-09-18 06:48:31,success
689,169,18,debit,33076.63,2024-07-12 06:36:28,failed
690,132,32,debit,46408.17,2024-03-26 21:50:06,success
691,1,11,credit,3715.3,2023-10-03 00:15:08,success
692,132,43,debit,32193.9,2025-05-19 09:17:54,success
693,70,25,credit,27143.76,2024-09-29 07:36:14,failed
694,182,27,credit,17545.53,2024-04-23 14:22:07,failed
695,42,33,debit,29906.07,2024-09-16 02:10:44,success
696,96,30,credit,46770.21,2025-02-20 19:39:44,failed
697,81,17,debit,36090.15,2023-09-22 13:55:13,success
698,1,7,credit,25893.35,2024-06-15 22:16:34,success
699,153,37,credit,30148.19,2024-02-04 20:37:20,failed
700,15,27,debit,42580.4,2025-05-17 14:49:53,failed
701,55,15,debit,13093.8,2025-04-03 06:11:48,failed
702,10,39,credit,29776.76,2025-08-30 19:05:10,failed
703,184,24,debit,20163.76,2025-06-18 07:53:31,failed
704,132,30,credit,22741.98,2025-04-23 09:54:16,failed
705,135,48,credit,26605.0,2023-12-17 05:31:00,failed
706,195,16,debit,2856.63,2023-09-12 16:25:37,success
707,126,39,credit,37895.37,2025-08-22 21:11:17,success
708,21,16,debit,14539.16,2023-12-15 22:11:38,failed
709,166,14,debit,344.16,2024-12-19 06:46:50,failed
710,193,10,debit,35395.28,2023-12-29 08:35:03,success
711,142,48,credit,11753.12,2025-05-18 08:08:20,failed
712,199,12,debit,28321.02,2025-04-13 11:04:36,success
713,116,50,credit,32988.42,2025-01-22 15:55:40,success
714,166,2,credit,34722.94,2024-08-10 12:30:48,failed
715,2,35,credit,2147.78,2025-06-16 13:06:33,failed
716,52,21,debit,12849.16,2023-09-30 02:00:09,failed
717,156,33,debit,16401.89,2023-10-29 19:26:00,failed
718,170,49,debit,10403.72,2023-11-19 09:23:06,success
719,111,9,debit,34288.4,2025-09-09 10:12:51,failed
720,198,22,debit,19855.09,2024-07-19 10:17:10,failed
721,84,4,credit,42809.18,2025-01-17 17:50:35,success
722,20,16,debit,37663.69,2024-07-10 17:22:34,failed
723,195,34,debit,23512.86,2024-05-10 07:34:10,success
724,10,28,debit,3129.3,2025-03-01 00:50:54,success
725,35,24,debit,6085.89,2025-03-22 00:49:12,failed
726,84,7,debit,38134.09,2023-12-15 20:42:34,failed
727,101,16,debit,1555.52,2024-08-11 16:05:49,failed
728,91,12,debit,46014.68,2024-03-10 05:56:30,failed
729,8,37,debit,9536.23,2024-05-09 14:43:02,failed
730,72,32,credit,19949.02,2025-05-04 07:10:21,failed
731,133,34,credit,21313.98,2024-04-16 03:20:23,failed
732,123,14,debit,32276.04,2024-09-04 22:43:06,success
733,121,42,credit,19605.49,2025-03-08 09:18:57,failed
734,52,22,credit,21067.6,2025-03-04 10:17:42,success
735,123,20,credit,15436.18,2023-09-14 16:55:50,failed
736,150,29,credit,47327.47,2024-05-09 15:00:16,failed
737,112,35,debit,32281.79,2024-07-07 07:39:02,failed
738,1,42,debit,40103.12,2023-12-20 19:41:28,success
739,188,9,debit,30547.15,2025-07-12 05:19:11,success
740,112,13,credit,17329.22,2024-10-29 03:49:23,success
741,105,25,debit,22669.23,2024-10-30 02:36:48,failed
742,155,1,debit,22360.62,2024-07-16 16:15:28,success
743,11,38,credit,26489.28,2023-11-08 17:47:14,success
744,68,37,debit,12882.04,2025-08-29 04:02:25,success
745,194,43,debit,31697.67,2024-01-10 23:24:10,success
746,78,10,debit,22567.71,2024-08-20 00:52:08,failed
747,192,1,debit,19006.05,2024-11-02 20:15:24,failed
748,78,29,debit,17129.58,2023-10-01 17:42:49,success
749,63,34,credit,37049.06,2024-03-02 09:27:07,failed
750,165,7,debit,49650.05,2025-05-14 06:08:48,failed
751,62,30,debit,259.46,2023-12-26 06:41:40,failed
752,52,43,credit,36384.64,2024-07-24 09:04:19,success
753,70,9,debit,15783.42,2023-12-31 11:01:57,success
754,200,44,debit,37333.16,2025-04-10 13:40:26,failed
755,148,39,debit,5459.5,2024-03-21 07:05:13,success
756,102,16,credit,33762.2,2024-06-15 03:33:15,failed
757,22,26,credit,1670.91,2024-11-06 07:36:32,success
758,193,21,debit,14849.08,2024-03-13 13:00:30,success
759,149,27,credit,49597.48,2024-03-01 10:48:27,success
760,173,30,debit,32302.27,2023-09-22 17:13:18,success
761,153,19,credit,25255.44,2025-09-02 05:44:30,failed
762,65,32,credit,2498.15,2024-03-26 06:31:29,success
763,182,23,credit,32612.41,2025-04-24 02:15:49,success
764,50,2,debit,40374.87,2024-07-22 19:51:31,failed
765,191,17,debit,48215.08,2024-08-25 10:46:11,failed
766,130,34,credit,39800.65,2025-03-17 07:25:32,success
767,127,8,debit,18451.19,2024-06-24 22:06:08,success
768,23,50,credit,31219.59,2024-06-27 11:56:55,success
769,58,10,credit,26736.01,2023-09-14 21:40:42,failed
770,134,18,credit,46418.8,2025-05-29 19:42:25,success
771,24,39,debit,47894.5,2024-08-30 08:02:31,failed
772,153,34,debit,3077.54,2024-11-11 21:33:17,failed
773,148,41,debit,28876.77,2024-01-18 11:10:53,failed
774,71,20,credit,10798.97,2024-07-10 07:56:24,failed
775,121,21,credit,20177.71,2025-05-22 15:52:58,failed
776,1,48,credit,48452.52,2025-05-14 06:15:59,success
777,27,15,credit,18578.78,2024-08-13 14:34:04,failed
778,139,31,debit,35344.96,2024-07-15 12:22:51,success
779,151,39,credit,17579.56,2024-09-16 12:19:01,failed
780,153,26,debit,9685.96,2024-04-29 21:25:51,success
781,14,50,debit,32073.09,2024-07-01 22:34:26,success
782,110,28,debit,36557.82,2024-03-07 17:37:06,failed
783,89,37,debit,30974.94,2024-06-27 19:24:47,failed
784,55,37,credit,7438.75,2024-04-09 03:11:21,failed
785,76,25,debit,25405.52,2025-02-01 13:18:35,success
786,14,29,credit,10628.51,2025-02-26 14:29:23,success
787,62,9,debit,49062.37,2025-06-30 18:49:43,failed
788,117,43,debit,47974.94,2023-10-26 15:15:33,failed
789,23,30,debit,24993.68,2024-12-11 13:41:19,failed
790,189,23,debit,25627.72,2025-07-05 18:44:52,success
791,186,40,credit,13534.67,2025-06-26 17:50:41,success
792,121,5,credit,13455.68,2024-01-06 04:07:15,success
793,71,34,credit,27585.91,2023-10-28 02:29:43,success
794,103,36,credit,20802.64,2023-11-22 03:41:31,failed
795,14,10,debit,1017.82,2023-12-26 20:19:42,success
796,179,42,debit,160.81,2024-05-02 03:59:42,failed
797,99,23,debit,13837.28,2025-08-18 08:38:21,success
798,14,38,credit,37504.22,2023-09-15 12:26:34,failed
799,77,20,credit,43934.64,2025-02-19 04:47:47,failed
800,34,25,credit,3189.91,2024-06-05 21:33:34,success
801,49,50,debit,47358.51,2023-12-25 08:22:18,failed
802,175,46,credit,14535.08,2025-05-09 04:35:59,failed
803,57,3,debit,46291.2,2025-05-11 00:33:57,success
804,12,37,debit,14000.91,2024-09-15 19:04:04,success
805,1,24,debit,9399.23,2025-05-13 23:13:03,failed
806,147,45,debit,10561.66,2025-08-23 01:07:30,failed
807,64,13,credit,44384.23,2024-08-10 03:59:27,success
808,104,28,credit,32197.52,2024-05-27 21:38:52,failed
809,23,40,debit,42232.71,2024-02-24 19:13:27,failed
810,73,13,debit,30218.43,2024-08-23 23:24:41,success
811,65,1,debit,13432.47,2023-12-11 05:51:49,failed
812,37,3,credit,17051.78,2024-02-17 04:17:47,success
813,14,20,credit,32367.65,2024-11-07 21:33:58,success
814,120,18,credit,852.42,2025-05-27 01:30:44,failed
815,192,50,credit,27248.7,2023-12-02 02:32:00,success
816,60,49,credit,46744.89,2023-09-12 02:04:49,failed
817,50,36,debit,16847.3,2025-08-11 04:22:32,success
818,55,5,credit,32499.14,2023-09-14 08:14:25,failed
819,107,16,debit,16694.06,2024-06-30 17:08:59,success
820,69,43,debit,20177.13,2025-08-30 06:19:46,failed
821,30,20,debit,21901.11,2023-12-30 15:16:02,success
822,33,21,debit,37570.24,2025-01-14 19:34:21,failed
823,143,35,debit,28550.37,2024-04-23 01:58:36,success
824,189,19,credit,32826.31,2024-01-07 22:19:04,failed
825,5,50,debit,11062.82,2025-08-20 14:36:41,failed
826,166,37,credit,23719.12,2023-10-30 06:24:17,failed
827,94,34,credit,30591.04,2024-01-29 09:58:31,failed
828,95,4,credit,38263.89,2024-01-05 18:21:56,failed
829,81,20,credit,22621.71,2024-04-02 20:07:30,success
830,168,20,debit,47162.8,2023-11-05 17:38:48,failed
831,106,41,credit,6105.91,2024-04-18 12:10:24,failed
832,138,46,credit,31923.09,2023-09-28 16:30:12,success
833,24,26,debit,32475.55,2024-05-17 16:55:18,success
834,15,7,debit,2502.81,2025-01-22 04:41:56,success
835,55,1,credit,10968.9,2025-08-10 23:35:18,failed
836,102,30,debit,14789.33,2024-03-05 05:18:39,success
837,82,13,debit,41599.61,2025-08-15 14:21:49,failed
838,90,45,credit,37731.71,2024-02-23 17:55:56,success
839,138,41,credit,37154.04,2024-12-29 20:54:11,failed
840,20,41,debit,48244.21,2023-10-08 15:30:57,failed
841,115,21,debit,3222.7,2023-11-11 06:13:33,success
842,75,15,credit,28384.21,2024-10-09 05:50:05,failed
843,133,37,credit,25363.88,2024-06-26 13:55:05,failed
844,13,37,debit,13300.91,2024-04-04 18:52:17,success
845,63,50,credit,3545.16,2025-03-12 01:54:38,success
846,119,2,credit,16622.49,2023-11-27 10:24:12,failed
847,184,29,credit,39406.81,2024-06-12 10:31:27,failed
848,1,50,debit,14473.9,2024-05-11 11:06:57,success
849,75,9,credit,14248.99,2025-07-28 04:23:43,failed
850,87,2,credit,21796.56,2024-05-16 05:30:00,success
851,128,15,credit,6563.91,2024-11-16 01:58:01,success
852,164,34,credit,10890.56,2024-05-23 10:44:18,success
853,102,21,credit,5320.1,2024-08-02 13:47:03,success
854,62,2,credit,5662.56,2025-07-11 20:28:24,failed
855,48,29,debit,13537.08,2025-06-22 05:06:57,failed
856,134,34,credit,22061.62,2024-02-17 17:17:25,success
857,111,22,debit,38303.94,2025-03-18 01:54:40,success
858,182,6,credit,24899.72,2025-01-09 21:37:55,success
859,51,13,credit,13399.5,2024-11-24 02:14:45,failed
860,55,17,credit,3146.99,2025-07-20 20:53:06,failed
861,192,3,debit,9611.93,2024-10-27 21:51:44,success
862,16,12,credit,39413.3,2024-06-28 21:35:04,failed
863,27,41,credit,44492.57,2024-11-27 00:07:19,success
864,150,14,credit,43683.38,2025-03-11 04:35:54,failed
865,32,7,debit,23456.89,2025-06-21 15:28:46,success
866,34,34,debit,15456.57,2024-02-11 16:07:05,success
867,176,18,debit,7404.34,2025-06-08 12:22:47,failed
868,85,17,credit,35449.96,2024-07-20 10:48:20,success
869,53,39,credit,7584.3,2024-05-11 16:09:03,failed
870,147,50,credit,38774.31,2024-12-30 10:14:37,failed
871,90,17,debit,16984.63,2024-10-15 12:32:53,failed
872,184,24,debit,24403.46,2025-03-07 13:00:07,success
873,198,15,debit,1437.16,2023-11-02 15:31:46,failed
874,42,21,credit,39183.59,2025-03-16 04:39:51,failed
875,150,9,debit,48930.81,2024-05-16 02:54:06,success
876,148,42,credit,14059.56,2025-08-27 11:58:49,failed
877,21,43,credit,8229.1,2023-09-17 20:42:43,success
878,97,21,debit,3736.31,2025-07-25 03:10:36,failed
879,36,42,credit,41240.75,2024-04-29 22:22:56,failed
880,31,43,credit,40389.04,2023-11-24 23:29:38,failed
881,151,12,debit,39660.61,2025-05-06 20:57:58,failed
882,147,16,credit,23145.47,2025-01-04 15:50:39,failed
883,69,37,credit,40451.96,2024-07-23 12:42:49,success
884,37,10,credit,6266.05,2024-03-05 21:37:15,success
885,194,32,debit,5759.64,2025-06-08 13:29:44,success
886,81,47,debit,38855.19,2024-07-26 19:55:04,failed
887,37,14,debit,34855.72,2024-05-05 08:26:04,success
888,29,47,credit,22837.81,2025-08-11 05:04:40,success
889,175,7,credit,9937.08,2024-03-25 16:28:59,failed
890,24,27,debit,39083.1,2024-06-25 00:21:59,failed
891,83,26,credit,29753.07,2024-03-01 14:12:10,success
892,185,14,credit,29631.65,2024-12-04 23:04:20,failed
893,3,29,credit,27200.25,2024-03-27 05:39:50,success
894,84,13,debit,13789.54,2024-09-18 15:13:41,success
895,129,11,debit,45092.41,2025-08-26 23:04:31,success
896,42,11,credit,4850.86,2023-10-16 15:02:44,success
897,175,26,debit,35892.21,2024-11-09 09:15:51,success
898,33,20,credit,20263.16,2024-11-03 10:24:22,success
899,87,49,debit,21149.99,2025-09-10 11:23:41,failed
900,69,1,credit,42650.09,2024-10-22 21:28:21,success
901,194,13,debit,26723.32,2024-05-27 04:22:45,success
902,129,26,debit,44480.62,2025-07-14 09:21:00,failed
903,192,30,credit,16910.16,2023-11-06 19:24:06,success
904,113,28,credit,48621.33,2024-02-15 18:28:40,success
905,39,9,credit,5168.63,2024-03-24 01:48:45,success
906,22,15,debit,22817.51,2024-09-14 02:42:05,failed
907,174,38,credit,12155.09,2024-09-11 08:56:49,failed
908,87,13,credit,25774.43,2024-05-12 07:12:23,failed
909,85,39,debit,34413.38,2025-04-18 17:31:10,success
910,182,2,credit,30695.95,2023-11-12 05:55:33,failed
911,10,10,debit,27279.29,2023-12-25 16:08:58,success
912,193,12,debit,42849.59,2023-11-05 01:33:36,failed
913,37,26,credit,49157.97,2025-03-07 09:47:27,success
914,51,39,debit,22074.39,2023-12-30 12:35:51,failed
915,92,11,credit,26467.04,2023-10-28 08:19:59,success
916,148,50,debit,15869.41,2025-04-09 12:27:48,success
917,146,48,debit,40600.14,2024-10-30 15:29:37,success
918,194,49,debit,8735.43,2024-05-23 00:22:06,success
919,15,32,debit,14708.3,2024-05-17 10:31:35,success
920,21,42,credit,40697.67,2024-08-20 13:31:16,failed
921,158,5,debit,26907.14,2024-10-19 00:49:37,success
922,90,35,credit,2677.15,2024-02-22 23:56:23,failed
923,124,10,credit,39996.54,2024-10-06 19:13:02,failed
924,47,12,debit,45185.75,2023-09-26 04:56:40,failed
925,52,20,credit,3868.03,2025-08-11 10:32:40,success
926,22,13,debit,6847.28,2025-06-06 21:37:02,failed
927,109,33,credit,10111.57,2025-07-20 05:49:34,failed
928,5,34,credit,49713.0,2024-12-28 00:14:28,success
929,180,20,credit,36234.58,2025-08-15 12:59:21,failed
930,81,1,credit,48955.65,2024-08-31 17:42:08,success
931,73,34,credit,304.14,2023-10-02 13:38:05,failed
932,137,34,debit,7192.91,2023-10-04 14:19:37,success
933,188,3,debit,28668.61,2024-01-21 03:39:55,failed
934,168,41,credit,32711.28,2025-03-15 10:16:17,failed
935,41,26,debit,16999.65,2023-10-24 11:53:45,failed
936,68,49,debit,14266.7,2023-10-13 11:53:28,failed
937,132,9,debit,31894.35,2025-08-16 23:32:07,failed
938,178,41,debit,4893.55,2024-07-03 13:34:12,failed
939,25,39,credit,29112.58,2024-11-05 03:29:46,failed
940,58,50,debit,11423.53,2024-05-16 10:06:39,failed
941,186,22,credit,15252.53,2024-05-10 11:08:02,failed
942,115,23,debit,35800.98,2024-01-09 01:04:05,success
943,4,48,credit,46166.79,2025-07-22 16:32:17,success
944,80,18,debit,48968.71,2023-12-06 09:21:04,success
945,38,36,debit,25363.42,2025-02-19 01:30:32,success
946,21,8,debit,44649.9,2023-11-09 00:46:41,failed
947,175,32,credit,37409.13,2024-05-22 18:38:20,success
948,117,22,credit,43531.59,2023-11-04 04:58:37,success
949,88,12,credit,703.25,2023-09-26 14:23:48,success
950,154,14,credit,3130.86,2025-06-18 19:38:08,failed
951,62,47,debit,16178.91,2025-02-27 16:54:58,success
952,74,11,debit,25616.22,2024-01-07 08:32:57,failed
953,179,44,debit,18877.71,2025-05-13 11:41:10,failed
954,166,27,credit,19486.3,2024-07-28 11:43:02,failed
955,67,48,credit,11215.91,2024-04-21 13:56:14,success
956,52,4,debit,38609.24,2025-03-24 13:58:53,failed
957,162,29,credit,8398.27,2025-05-08 11:20:47,failed
958,102,38,debit,3097.98,2023-12-17 23:52:04,failed
959,145,46,debit,17459.51,2024-09-29 02:29:40,failed
960,130,10,debit,9767.06,2024-02-19 07:39:32,failed
961,167,42,credit,22028.89,2025-02-04 12:23:00,failed
962,127,43,credit,28630.56,2024-09-10 15:20:10,success
963,181,25,credit,45926.41,2023-12-16 02:57:59,success
964,76,22,debit,28935.42,2025-08-25 14:57:00,failed
965,160,23,debit,7416.87,2024-05-26 04:06:14,failed
966,55,32,debit,9334.09,2024-08-09 20:59:28,success
967,42,5,debit,47837.11,2024-12-27 18:45:14,success
968,139,28,credit,41016.05,2025-07-22 14:31:35,success
969,146,30,debit,37641.22,2025-04-16 23:09:18,failed
970,4,27,debit,46560.43,2024-02-10 00:14:18,failed
971,118,45,credit,43810.83,2024-12-17 10:41:02,success
972,14,30,debit,17585.43,2024-11-27 06:56:53,failed
973,134,50,debit,5093.48,2024-08-08 10:31:19,success
974,46,35,debit,1603.12,2024-12-03 21:23:04,failed
975,13,7,credit,18807.82,2023-11-01 16:30:49,success
976,20,17,credit,44634.31,2025-02-21 17:16:15,success
977,14,48,debit,34609.12,2025-02-27 19:30:32,failed
978,120,22,credit,13676.67,2025-07-19 11:54:08,success
979,51,35,debit,43014.47,2025-04-01 04:37:04,success
980,128,19,debit,31799.47,2025-05-18 04:36:02,failed
981,166,23,credit,42368.33,2025-02-13 20:52:21,success
982,140,9,debit,29119.67,2025-07-16 23:50:01,failed
983,12,11,credit,23561.77,2025-08-07 10:36:32,success
984,145,38,debit,41200.12,2023-10-09 18:59:33,success
985,22,21,debit,26800.47,2025-06-11 22:35:47,failed
986,130,44,debit,44510.98,2024-12-25 07:23:30,failed
987,147,21,credit,12846.59,2024-07-11 06:04:16,success
988,161,46,debit,18630.24,2024-09-28 20:36:41,failed
989,120,26,credit,32192.85,2025-06-30 16:35:49,failed
990,55,23,credit,20712.44,2024-05-07 21:10:36,success
991,45,24,credit,41822.32,2024-09-15 19:09:00,failed
992,31,27,debit,32936.21,2024-10-15 01:24:47,failed
993,15,40,credit,42370.15,2024-04-01 05:44:46,success
994,195,11,credit,47774.15,2023-09-18 05:50:59,failed
995,140,30,credit,32697.19,2025-04-27 18:04:48,success
996,123,50,credit,9988.55,2024-06-30 14:11:40,failed
997,55,2,credit,5733.05,2025-07-18 23:13:11,success
998,180,5,credit,48642.05,2024-08-26 07:59:20,success
999,106,37,debit,31740.41,2024-11-01 14:53:07,failed
1000,86,31,debit,24540.44,2024-11-09 14:00:43,failed
